Workbook
Name _16_09_2024: #REF!
Name Campaign: Posts!$M$2:$M$301
Name Click_through_rate: Posts!#REF!
Name Clicks: Posts!$J$2:$J$301
Name Comments: Posts!$I$2:$I$301
Name ContentType: Posts!$D$2:$D$301
Name Date: Posts!$C$2:$C$301
Name Engagement_Rate: Posts!$N$2:$N$301
Name Hashtag: #REF!
Name Hashtags.1: Posts!$E$2:$E$301
Name Hashtags.2: Posts!$F$2:$F$301
Name Impressions: Posts!$L$2:$L$301
Name Likes: Posts!$G$2:$G$301
Name Performance: Posts!#REF!
Name Platform: Posts!$B$2:$B$301
Name PostID: Posts!$A$2:$A$301
Name Reach: Posts!$K$2:$K$301
Name Shares: Posts!$H$2:$H$301
Name YouTube: #REF!

Sheet Posts
A1: PostID | B1: Platform | C1: Date | D1: ContentType | E1: Hashtags.1 | F1: Hashtags.2 | G1: Likes | H1: Shares | I1: Comments | J1: Clicks | K1: Reach | L1: Impressions | M1: Campaign | N1: Engagement Rate | O1: Click through rate | P1: performance
A2: A1 | B2: YouTube | C2: 45649 | D2: Image | E2: #AppleWatchUltra2 | F2: #HealthTech | G2: 24516 | H2: 976 | I2: 974 | J2: 2675 | K2: 23275 | L2: 202932 | M2: Apple Watch Ultra 2 Launch | N2: =(G2+H2+I2)/L2 -> 0.13041807 | O2: =Table2[[#This Row],[Shares]]/Table2[[#This Row],[Impressions]] -> 0.0048094928 | P2: =(Table2[[#This Row],[Engagement Rate]]+Table2[[#This Row],[Click through rate]])*100 -> 13.522756
A3: A2 | B3: LinkedIn | C3: 45903 | D3: Image | E3: #MacBookAirM3 | F3: #AppleInnovation | G3: 4779 | H3: 1110 | I3: 436 | J3: 1574 | K3: 77167 | L3: 71585 | M3: Apple Event September 2025 | N3: =(G3+H3+I3)/L3 -> 0.088356499 | O3: =Table2[[#This Row],[Shares]]/Table2[[#This Row],[Impressions]] -> 0.015506042 | P3: =(Table2[[#This Row],[Engagement Rate]]+Table2[[#This Row],[Click through rate]])*100 -> 10.386254
A4: A3 | B4: Instagram | C4: 45789 | D4: Tweet | E4: #AppleDesign | F4: #Innovation | G4: 19308 | H4: 1318 | I4: 795 | J4: 1499 | K4: 52307 | L4: 193087 | M4: Sustainability Awareness Drive | N4: =(G4+H4+I4)/L4 -> 0.11093963 | O4: =Table2[[#This Row],[Shares]]/Table2[[#This Row],[Impressions]] -> 0.0068259386 | P4: =(Table2[[#This Row],[Engagement Rate]]+Table2[[#This Row],[Click through rate]])*100 -> 11.776557
A5: A4 | B5: YouTube | C5: 45516 | D5: Video | E5: #AppleEvent | F5: #iPadPro | G5: 3581 | H5: 517 | I5: 880 | J5: 1925 | K5: 18636 | L5: 248611 | M5: iPhone 16 Launch | N5: =(G5+H5+I5)/L5 -> 0.020023249 | O5: =Table2[[#This Row],[Shares]]/Table2[[#This Row],[Impressions]] -> 0.002079554 | P5: =(Table2[[#This Row],[Engagement Rate]]+Table2[[#This Row],[Click through rate]])*100 -> 2.2102803
A6: A5 | B6: YouTube | C6: 45904 | D6: Video | E6: #AppleWatchUltra2 | F6: #HealthTech | G6: 21708 | H6: 435 | I6: 317 | J6: 1213 | K6: 70701 | L6: 83585 | M6: Apple Event September 2025 | N6: =(G6+H6+I6)/L6 -> 0.2687085 | O6: =Table2[[#This Row],[Shares]]/Table2[[#This Row],[Impressions]] -> 0.0052042831 | P6: =(Table2[[#This Row],[Engagement Rate]]+Table2[[#This Row],[Click through rate]])*100 -> 27.391278
A7: A6 | B7: LinkedIn | C7: 45905 | D7: Image | E7: #ShotOniPhone | G7: 14677 | H7: 533 | I7: 759 | J7: 753 | K7: 23275 | L7: 66958 | M7: Apple Event September 2025 | N7: =(G7+H7+I7)/L7 -> 0.23849279 | O7: =Table2[[#This Row],[Shares]]/Table2[[#This Row],[Impressions]] -> 0.0079602139 | P7: =(Table2[[#This Row],[Engagement Rate]]+Table2[[#This Row],[Click through rate]])*100 -> 24.6453
A8: A7 | B8: Instagram | C8: 45467 | D8: Carousel | E8: #AppleMusic | F8: #AppleLifestyle | G8: 7713 | H8: 575 | I8: 417 | J8: 336 | K8: 61660 | L8: 66017 | M8: iPhone 16 Launch | N8: =(G8+H8+I8)/L8 -> 0.13185998 | O8: =Table2[[#This Row],[Shares]]/Table2[[#This Row],[Impressions]] -> 0.0087098778 | P8: =(Table2[[#This Row],[Engagement Rate]]+Table2[[#This Row],[Click through rate]])*100 -> 14.056985
A9: A8 | B9: Instagram | C9: 45486 | D9: Video | E9: #AppleWatch | F9: #Health | G9: 18639 | H9: 1360 | I9: 898 | J9: 2011 | K9: 42841 | L9: 247779 | M9: iPhone 16 Launch | N9: =(G9+H9+I9)/L9 -> 0.084337252 | O9: =Table2[[#This Row],[Shares]]/Table2[[#This Row],[Impressions]] -> 0.0054887622 | P9: =(Table2[[#This Row],[Engagement Rate]]+Table2[[#This Row],[Click through rate]])*100 -> 8.9826014
A10: A9 | B10: YouTube | C10: 45534 | D10: Carousel | E10: #MacBookAirM3 | F10: #AppleInnovation | G10: 6804 | H10: 787 | I10: 970 | J10: 1095 | K10: 56343 | L10: 164677 | M10: Apple Watch Ultra 2 Launch | N10: =(G10+H10+I10)/L10 -> 0.051986616 | O10: =Table2[[#This Row],[Shares]]/Table2[[#This Row],[Impressions]] -> 0.0047790523 | P10: =(Table2[[#This Row],[Engagement Rate]]+Table2[[#This Row],[Click through rate]])*100 -> 5.6765669
A11: A10 | B11: Twitter | C11: 45727 | D11: Video | E11: #iPhone16Launch | F11: #AppleEvent | G11: 20222 | H11: 712 | I11: 604 | J11: 1272 | K11: 71598 | L11: 216422 | M11: Sustainability Awareness Drive | N11: =(G11+H11+I11)/L11 -> 0.099518533 | O11: =Table2[[#This Row],[Shares]]/Table2[[#This Row],[Impressions]] -> 0.0032898689 | P11: =(Table2[[#This Row],[Engagement Rate]]+Table2[[#This Row],[Click through rate]])*100 -> 10.28084
A12: A11 | B12: YouTube | C12: 45690 | D12: Carousel | E12: #AppleEvent | F12: #iPadPro | G12: 12136 | H12: 1117 | I12: 834 | J12: 892 | K12: 24675 | L12: 183273 | M12: Sustainability Awareness Drive | N12: =(G12+H12+I12)/L12 -> 0.076863477 | O12: =Table2[[#This Row],[Shares]]/Table2[[#This Row],[Impressions]] -> 0.006094733 | P12: =(Table2[[#This Row],[Engagement Rate]]+Table2[[#This Row],[Click through rate]])*100 -> 8.295821
A13: A12 | B13: YouTube | C13: 45494 | D13: Tweet | E13: #MacBookAirM3 | F13: #AppleInnovation | G13: 2009 | H13: 1072 | I13: 550 | J13: 1437 | K13: 22982 | L13: 69426 | M13: iPhone 16 Launch | N13: =(G13+H13+I13)/L13 -> 0.052300291 | O13: =Table2[[#This Row],[Shares]]/Table2[[#This Row],[Impressions]] -> 0.015440901 | P13: =(Table2[[#This Row],[Engagement Rate]]+Table2[[#This Row],[Click through rate]])*100 -> 6.7741192
A14: A13 | B14: YouTube | C14: 45614 | D14: Carousel | E14: #AppleMusic | F14: #AppleLifestyle | G14: 21255 | H14: 1452 | I14: 625 | J14: 1624 | K14: 21282 | L14: 57778 | M14: MacBook Air M3 Campaign | N14: =(G14+H14+I14)/L14 -> 0.40382152 | O14: =Table2[[#This Row],[Shares]]/Table2[[#This Row],[Impressions]] -> 0.025130673 | P14: =(Table2[[#This Row],[Engagement Rate]]+Table2[[#This Row],[Click through rate]])*100 -> 42.89522
A15: A14 | B15: YouTube | C15: 45906 | D15: Tweet | E15: #AppleWatch | F15: #Health | G15: 7124 | H15: 469 | I15: 851 | J15: 2571 | K15: 33802 | L15: 216313 | M15: Apple Event September 2025 | N15: =(G15+H15+I15)/L15 -> 0.039036026 | O15: =Table2[[#This Row],[Shares]]/Table2[[#This Row],[Impressions]] -> 0.0021681545 | P15: =(Table2[[#This Row],[Engagement Rate]]+Table2[[#This Row],[Click through rate]])*100 -> 4.1204181
A16: A15 | B16: LinkedIn | C16: 45907 | D16: Tweet | E16: #AppleDesign | F16: #Innovation | G16: 3015 | H16: 997 | I16: 783 | J16: 617 | K16: 77167 | L16: 82229 | M16: Apple Event September 2025 | N16: =(G16+H16+I16)/L16 -> 0.058312761 | O16: =Table2[[#This Row],[Shares]]/Table2[[#This Row],[Impressions]] -> 0.012124676 | P16: =(Table2[[#This Row],[Engagement Rate]]+Table2[[#This Row],[Click through rate]])*100 -> 7.0437437
A17: A16 | B17: Instagram | C17: 45530 | D17: Carousel | E17: #AppleWatch | F17: #Health | G17: 4193 | H17: 924 | I17: 707 | J17: 2696 | K17: 55075 | L17: 126652 | M17: iPhone 16 Launch | N17: =(G17+H17+I17)/L17 -> 0.045984272 | O17: =Table2[[#This Row],[Shares]]/Table2[[#This Row],[Impressions]] -> 0.0072955816 | P17: =(Table2[[#This Row],[Engagement Rate]]+Table2[[#This Row],[Click through rate]])*100 -> 5.3279853
A18: A17 | B18: LinkedIn | C18: 45782 | D18: Tweet | E18: #AppleEvent | F18: #iPhone16 | G18: 10415 | H18: 1388 | I18: 725 | J18: 2462 | K18: 53082 | L18: 168267 | M18: MacBook Air M3 Campaign | N18: =(G18+H18+I18)/L18 -> 0.074453101 | O18: =Table2[[#This Row],[Shares]]/Table2[[#This Row],[Impressions]] -> 0.0082487951 | P18: =(Table2[[#This Row],[Engagement Rate]]+Table2[[#This Row],[Click through rate]])*100 -> 8.2701896
A19: A18 | B19: LinkedIn | C19: 45523 | D19: Image | E19: #AppleWatch | F19: #Health | G19: 15550 | H19: 204 | I19: 279 | J19: 1646 | K19: 35819 | L19: 219436 | M19: Apple Watch Ultra 2 Launch | N19: =(G19+H19+I19)/L19 -> 0.073064584 | O19: =Table2[[#This Row],[Shares]]/Table2[[#This Row],[Impressions]] -> 0.00092965603 | P19: =(Table2[[#This Row],[Engagement Rate]]+Table2[[#This Row],[Click through rate]])*100 -> 7.399424
... A28: A27 | B28: Twitter | C28: 45552 | D28: Tweet | E28: #iPhone16Launch | F28: #AppleEvent | G28: 20017 | H28: 495 | I28: 178 | J28: 2683 | K28: 32244 | L28: 182633 | M28: Apple Watch Ultra 2 Launch | N28: =(G28+H28+I28)/L28 -> 0.1132873 | O28: =Table2[[#This Row],[Shares]]/Table2[[#This Row],[Impressions]] -> 0.0027103536 | P28: =(Table2[[#This Row],[Engagement Rate]]+Table2[[#This Row],[Click through rate]])*100 -> 11.599766
A29: A28 | B29: Twitter | C29: 45720 | D29: Tweet | E29: #ShotOniPhone | G29: 12344 | H29: 815 | I29: 298 | J29: 2439 | K29: 6259 | L29: 237133 | M29: iPhone 16 Launch | N29: =(G29+H29+I29)/L29 -> 0.056748744 | O29: =Table2[[#This Row],[Shares]]/Table2[[#This Row],[Impressions]] -> 0.0034368898 | P29: =(Table2[[#This Row],[Engagement Rate]]+Table2[[#This Row],[Click through rate]])*100 -> 6.0185634
A30: A29 | B30: LinkedIn | C30: 45910 | D30: Carousel | E30: #MacBookProM3 | G30: 9266 | H30: 999 | I30: 928 | J30: 2700 | K30: 12264 | L30: 128397 | M30: Apple Event September 2025 | N30: =(G30+H30+I30)/L30 -> 0.087174934 | O30: =Table2[[#This Row],[Shares]]/Table2[[#This Row],[Impressions]] -> 0.0077805556 | P30: =(Table2[[#This Row],[Engagement Rate]]+Table2[[#This Row],[Click through rate]])*100 -> 9.495549
A31: A30 | B31: LinkedIn | C31: 45713 | D31: Carousel | E31: #iPhonePhotography | F31: #ShotOniPhone | G31: 10702 | H31: 621 | I31: 445 | J31: 2918 | K31: 54808 | L31: 220225 | M31: Apple Watch Ultra 2 Launch | N31: =(G31+H31+I31)/L31 -> 0.053436258 | O31: =Table2[[#This Row],[Shares]]/Table2[[#This Row],[Impressions]] -> 0.0028198433 | P31: =(Table2[[#This Row],[Engagement Rate]]+Table2[[#This Row],[Click through rate]])*100 -> 5.6256102
A32: A31 | B32: Instagram | C32: 45642 | D32: Image | E32: #AppleEvent | F32: #iPadPro | G32: 2384 | H32: 1246 | I32: 160 | J32: 2004 | K32: 2701 | L32: 73142 | M32: Apple Watch Ultra 2 Launch | N32: =(G32+H32+I32)/L32 -> 0.051817013 | O32: =Table2[[#This Row],[Shares]]/Table2[[#This Row],[Impressions]] -> 0.017035356 | P32: =(Table2[[#This Row],[Engagement Rate]]+Table2[[#This Row],[Click through rate]])*100 -> 6.8852369
A33: A32 | B33: Instagram | C33: 45504 | D33: Image | E33: #AppleEvent | F33: #iPhone16 | G33: 2404 | H33: 774 | I33: 661 | J33: 662 | K33: 12676 | L33: 66916 | M33: Apple Watch Ultra 2 Launch | N33: =(G33+H33+I33)/L33 -> 0.057370435 | O33: =Table2[[#This Row],[Shares]]/Table2[[#This Row],[Impressions]] -> 0.01156674 | P33: =(Table2[[#This Row],[Engagement Rate]]+Table2[[#This Row],[Click through rate]])*100 -> 6.8937175
A34: A33 | B34: LinkedIn | C34: 45911 | D34: Carousel | E34: #iPhone16Launch | F34: #AppleEvent | G34: 10175 | H34: 342 | I34: 825 | J34: 2904 | K34: 15954 | L34: 104324 | M34: Apple Event September 2025 | N34: =(G34+H34+I34)/L34 -> 0.10871899 | O34: =Table2[[#This Row],[Shares]]/Table2[[#This Row],[Impressions]] -> 0.0032782485 | P34: =(Table2[[#This Row],[Engagement Rate]]+Table2[[#This Row],[Click through rate]])*100 -> 11.199724
A35: A34 | B35: Twitter | C35: 45912 | D35: Tweet | E35: #AppleDesign | F35: #Innovation | G35: 17158 | H35: 1192 | I35: 262 | J35: 2016 | K35: 28771 | L35: 216037 | M35: Apple Event September 2025 | N35: =(G35+H35+I35)/L35 -> 0.086151909 | O35: =Table2[[#This Row],[Shares]]/Table2[[#This Row],[Impressions]] -> 0.0055175734 | P35: =(Table2[[#This Row],[Engagement Rate]]+Table2[[#This Row],[Click through rate]])*100 -> 9.1669483
A36: A35 | B36: Twitter | C36: 45626 | D36: Video | E36: #AppleEvent | F36: #iPhone16 | G36: 14763 | H36: 864 | I36: 336 | J36: 1493 | K36: 33310 | L36: 165932 | M36: iPhone 16 Launch | N36: =(G36+H36+I36)/L36 -> 0.096202059 | O36: =Table2[[#This Row],[Shares]]/Table2[[#This Row],[Impressions]] -> 0.0052069522 | P36: =(Table2[[#This Row],[Engagement Rate]]+Table2[[#This Row],[Click through rate]])*100 -> 10.140901
A37: A36 | B37: Instagram | C37: 45766 | D37: Carousel | E37: #MacBookProM3 | G37: 20384 | H37: 344 | I37: 956 | J37: 655 | K37: 67621 | L37: 175720 | M37: Sustainability Awareness Drive | N37: =(G37+H37+I37)/L37 -> 0.12340087 | O37: =Table2[[#This Row],[Shares]]/Table2[[#This Row],[Impressions]] -> 0.0019576599 | P37: =(Table2[[#This Row],[Engagement Rate]]+Table2[[#This Row],[Click through rate]])*100 -> 12.535852
A38: A37 | B38: LinkedIn | C38: 45663 | D38: Image | E38: #AppleDesign | F38: #Innovation | G38: 11860 | H38: 1448 | I38: 893 | J38: 490 | K38: 23518 | L38: 206205 | M38: Apple Watch Ultra 2 Launch | N38: =(G38+H38+I38)/L38 -> 0.068868359 | O38: =Table2[[#This Row],[Shares]]/Table2[[#This Row],[Impressions]] -> 0.0070221382 | P38: =(Table2[[#This Row],[Engagement Rate]]+Table2[[#This Row],[Click through rate]])*100 -> 7.5890497
A39: A38 | B39: Instagram | C39: 45705 | D39: Tweet | E39: #MacBookAirM3 | F39: #AppleInnovation | G39: 7989 | H39: 1206 | I39: 376 | J39: 2769 | K39: 27550 | L39: 221749 | M39: Sustainability Awareness Drive | N39: =(G39+H39+I39)/L39 -> 0.043161412 | O39: =Table2[[#This Row],[Shares]]/Table2[[#This Row],[Impressions]] -> 0.0054385815 | P39: =(Table2[[#This Row],[Engagement Rate]]+Table2[[#This Row],[Click through rate]])*100 -> 4.8599994
A40: A39 | B40: Instagram | C40: 45913 | D40: Carousel | E40: #AppleMusic | F40: #AppleLifestyle | G40: 17106 | H40: 702 | I40: 459 | J40: 999 | K40: 59627 | L40: 136059 | M40: Apple Event September 2025 | N40: =(G40+H40+I40)/L40 -> 0.13425793 | O40: =Table2[[#This Row],[Shares]]/Table2[[#This Row],[Impressions]] -> 0.0051595264 | P40: =(Table2[[#This Row],[Engagement Rate]]+Table2[[#This Row],[Click through rate]])*100 -> 13.941746
A41: A40 | B41: YouTube | C41: 45914 | D41: Carousel | E41: #AppleWatch | F41: #Health | G41: 19844 | H41: 1020 | I41: 247 | J41: 2354 | K41: 37792 | L41: 138317 | M41: Apple Event September 2025 | N41: =(G41+H41+I41)/L41 -> 0.15262766 | O41: =Table2[[#This Row],[Shares]]/Table2[[#This Row],[Impressions]] -> 0.0073743647 | P41: =(Table2[[#This Row],[Engagement Rate]]+Table2[[#This Row],[Click through rate]])*100 -> 16.000202
A42: A41 | B42: YouTube | C42: 45915 | D42: Tweet | E42: #MacBookAirM3 | F42: #AppleInnovation | G42: 5636 | H42: 303 | I42: 204 | J42: 2480 | K42: 7377 | L42: 241207 | M42: Apple Event September 2025 | N42: =(G42+H42+I42)/L42 -> 0.025467752 | O42: =Table2[[#This Row],[Shares]]/Table2[[#This Row],[Impressions]] -> 0.0012561824 | P42: =(Table2[[#This Row],[Engagement Rate]]+Table2[[#This Row],[Click through rate]])*100 -> 2.6723934
A43: A42 | B43: YouTube | C43: 45721 | D43: Carousel | E43: #AppleEvent | F43: #iPhone16 | G43: 12916 | H43: 1262 | I43: 772 | J43: 856 | K43: 11496 | L43: 75046 | M43: Sustainability Awareness Drive | N43: =(G43+H43+I43)/L43 -> 0.19921115 | O43: =Table2[[#This Row],[Shares]]/Table2[[#This Row],[Impressions]] -> 0.016816353 | P43: =(Table2[[#This Row],[Engagement Rate]]+Table2[[#This Row],[Click through rate]])*100 -> 21.60275
A44: A43 | B44: Twitter | C44: 45916 | D44: Tweet | E44: #MacBookProM3 | G44: 6809 | H44: 397 | I44: 813 | J44: 1125 | K44: 12206 | L44: 218136 | M44: Apple Event September 2025 | N44: =(G44+H44+I44)/L44 -> 0.03676147 | O44: =Table2[[#This Row],[Shares]]/Table2[[#This Row],[Impressions]] -> 0.0018199655 | P44: =(Table2[[#This Row],[Engagement Rate]]+Table2[[#This Row],[Click through rate]])*100 -> 3.8581435
A45: A44 | B45: LinkedIn | C45: 45718 | D45: Video | E45: #iPhonePhotography | F45: #ShotOniPhone | G45: 22562 | H45: 778 | I45: 907 | J45: 1354 | K45: 34475 | L45: 141459 | M45: iPhone 16 Launch | N45: =(G45+H45+I45)/L45 -> 0.17140656 | O45: =Table2[[#This Row],[Shares]]/Table2[[#This Row],[Impressions]] -> 0.0054998268 | P45: =(Table2[[#This Row],[Engagement Rate]]+Table2[[#This Row],[Click through rate]])*100 -> 17.690638
A46: A45 | B46: LinkedIn | C46: 45917 | D46: Tweet | E46: #AppleMusic | F46: #AppleLifestyle | G46: 15456 | H46: 590 | I46: 555 | J46: 2882 | K46: 49816 | L46: 240422 | M46: Apple Event September 2025 | N46: =(G46+H46+I46)/L46 -> 0.069049421 | O46: =Table2[[#This Row],[Shares]]/Table2[[#This Row],[Impressions]] -> 0.0024540184 | P46: =(Table2[[#This Row],[Engagement Rate]]+Table2[[#This Row],[Click through rate]])*100 -> 7.150344
A47: A46 | B47: LinkedIn | C47: 45779 | D47: Tweet | E47: #AppleEvent | F47: #iPhone16 | G47: 17444 | H47: 1402 | I47: 218 | J47: 725 | K47: 8710 | L47: 85893 | M47: MacBook Air M3 Campaign | N47: =(G47+H47+I47)/L47 -> 0.22195057 | O47: =Table2[[#This Row],[Shares]]/Table2[[#This Row],[Impressions]] -> 0.016322634 | P47: =(Table2[[#This Row],[Engagement Rate]]+Table2[[#This Row],[Click through rate]])*100 -> 23.82732
A48: A47 | B48: LinkedIn | C48: 45712 | D48: Tweet | E48: #iPhone16Launch | F48: #AppleEvent | G48: 24984 | H48: 753 | I48: 461 | J48: 2710 | K48: 20792 | L48: 141520 | M48: Sustainability Awareness Drive | N48: =(G48+H48+I48)/L48 -> 0.18511871 | O48: =Table2[[#This Row],[Shares]]/Table2[[#This Row],[Impressions]] -> 0.0053208027 | P48: =(Table2[[#This Row],[Engagement Rate]]+Table2[[#This Row],[Click through rate]])*100 -> 19.043951
A49: A48 | B49: YouTube | C49: 45727 | D49: Carousel | E49: #AppleWatchUltra2 | F49: #HealthTech | G49: 7997 | H49: 1238 | I49: 438 | J49: 1874 | K49: 36272 | L49: 165818 | M49: MacBook Air M3 Campaign | N49: =(G49+H49+I49)/L49 -> 0.058335042 | O49: =Table2[[#This Row],[Shares]]/Table2[[#This Row],[Impressions]] -> 0.007466017 | P49: =(Table2[[#This Row],[Engagement Rate]]+Table2[[#This Row],[Click through rate]])*100 -> 6.5801059
A50: A49 | B50: Twitter | C50: 45918 | D50: Carousel | E50: #AppleEvent | F50: #iPhone16 | G50: 4048 | H50: 677 | I50: 911 | J50: 2429 | K50: 27361 | L50: 101272 | M50: Apple Event September 2025 | N50: =(G50+H50+I50)/L50 -> 0.055652105 | O50: =Table2[[#This Row],[Shares]]/Table2[[#This Row],[Impressions]] -> 0.0066849672 | P50: =(Table2[[#This Row],[Engagement Rate]]+Table2[[#This Row],[Click through rate]])*100 -> 6.2337072
A51: A50 | B51: Twitter | C51: 45476 | D51: Tweet | E51: #AppleMusic | F51: #AppleLifestyle | G51: 14338 | H51: 1454 | I51: 697 | J51: 2703 | K51: 21288 | L51: 107649 | M51: iPhone 16 Launch | N51: =(G51+H51+I51)/L51 -> 0.15317374 | O51: =Table2[[#This Row],[Shares]]/Table2[[#This Row],[Impressions]] -> 0.01350686 | P51: =(Table2[[#This Row],[Engagement Rate]]+Table2[[#This Row],[Click through rate]])*100 -> 16.66806
A52: A51 | B52: YouTube | C52: 45456 | D52: Carousel | E52: #AppleWatch | F52: #Health | G52: 23164 | H52: 1122 | I52: 900 | J52: 888 | K52: 36938 | L52: 104674 | M52: Apple Watch Ultra 2 Launch | N52: =(G52+H52+I52)/L52 -> 0.24061371 | O52: =Table2[[#This Row],[Shares]]/Table2[[#This Row],[Impressions]] -> 0.010718994 | P52: =(Table2[[#This Row],[Engagement Rate]]+Table2[[#This Row],[Click through rate]])*100 -> 25.133271
A53: A52 | B53: Twitter | C53: 45919 | D53: Image | E53: #AppleWatch | F53: #Health | G53: 19100 | H53: 619 | I53: 297 | J53: 2312 | K53: 9730 | L53: 184832 | M53: Apple Event September 2025 | N53: =(G53+H53+I53)/L53 -> 0.10829294 | O53: =Table2[[#This Row],[Shares]]/Table2[[#This Row],[Impressions]] -> 0.0033489872 | P53: =(Table2[[#This Row],[Engagement Rate]]+Table2[[#This Row],[Click through rate]])*100 -> 11.164192
A54: A53 | B54: YouTube | C54: 45712 | D54: Image | E54: #AppleEvent | F54: #iPhone16 | G54: 23949 | H54: 356 | I54: 616 | J54: 1847 | K54: 3144 | L54: 192999 | M54: iPhone 16 Launch | N54: =(G54+H54+I54)/L54 -> 0.12912502 | O54: =Table2[[#This Row],[Shares]]/Table2[[#This Row],[Impressions]] -> 0.0018445691 | P54: =(Table2[[#This Row],[Engagement Rate]]+Table2[[#This Row],[Click through rate]])*100 -> 13.096959
A55: A54 | B55: LinkedIn | C55: 45729 | D55: Carousel | E55: #AppleDesign | F55: #Innovation | G55: 6544 | H55: 749 | I55: 888 | J55: 594 | K55: 18171 | L55: 126475 | M55: Sustainability Awareness Drive | N55: =(G55+H55+I55)/L55 -> 0.06468472 | O55: =Table2[[#This Row],[Shares]]/Table2[[#This Row],[Impressions]] -> 0.005922119 | P55: =(Table2[[#This Row],[Engagement Rate]]+Table2[[#This Row],[Click through rate]])*100 -> 7.0606839
A56: A55 | B56: YouTube | C56: 45460 | D56: Carousel | E56: #AppleWatchUltra2 | F56: #HealthTech | G56: 6976 | H56: 1320 | I56: 393 | J56: 2285 | K56: 14049 | L56: 101367 | M56: MacBook Air M3 Campaign | N56: =(G56+H56+I56)/L56 -> 0.085718232 | O56: =Table2[[#This Row],[Shares]]/Table2[[#This Row],[Impressions]] -> 0.013021989 | P56: =(Table2[[#This Row],[Engagement Rate]]+Table2[[#This Row],[Click through rate]])*100 -> 9.8740221
... A61: A60 | B61: Instagram | C61: 45685 | D61: Tweet | E61: #AppleWatch | F61: #Health | G61: 9239 | H61: 1477 | I61: 631 | J61: 1556 | K61: 11580 | L61: 84738 | M61: Sustainability Awareness Drive | N61: =(G61+H61+I61)/L61 -> 0.13390687 | O61: =Table2[[#This Row],[Shares]]/Table2[[#This Row],[Impressions]] -> 0.017430197 | P61: =(Table2[[#This Row],[Engagement Rate]]+Table2[[#This Row],[Click through rate]])*100 -> 15.133706
A62: A61 | B62: YouTube | C62: 45540 | D62: Carousel | E62: #MacBookProM3 | G62: 16489 | H62: 395 | I62: 350 | J62: 2364 | K62: 43239 | L62: 73397 | M62: MacBook Air M3 Campaign | N62: =(G62+H62+I62)/L62 -> 0.23480524 | O62: =Table2[[#This Row],[Shares]]/Table2[[#This Row],[Impressions]] -> 0.0053816913 | P62: =(Table2[[#This Row],[Engagement Rate]]+Table2[[#This Row],[Click through rate]])*100 -> 24.018693
A63: A62 | B63: YouTube | C63: 45920 | D63: Image | E63: #AppleEvent | F63: #iPhone16 | G63: 18633 | H63: 797 | I63: 303 | J63: 659 | K63: 7 | L63: 122189 | M63: Apple Event September 2025 | N63: =(G63+H63+I63)/L63 -> 0.16149572 | O63: =Table2[[#This Row],[Shares]]/Table2[[#This Row],[Impressions]] -> 0.0065226821 | P63: =(Table2[[#This Row],[Engagement Rate]]+Table2[[#This Row],[Click through rate]])*100 -> 16.80184
A64: A63 | B64: Instagram | C64: 45504 | D64: Image | E64: #AppleWatchUltra2 | F64: #HealthTech | G64: 12357 | H64: 716 | I64: 599 | J64: 999 | K64: 89591 | L64: 116367 | M64: Apple Watch Ultra 2 Launch | N64: =(G64+H64+I64)/L64 -> 0.11749035 | O64: =Table2[[#This Row],[Shares]]/Table2[[#This Row],[Impressions]] -> 0.0061529471 | P64: =(Table2[[#This Row],[Engagement Rate]]+Table2[[#This Row],[Click through rate]])*100 -> 12.36433
A65: A64 | B65: Instagram | C65: 45521 | D65: Video | E65: #ShotOniPhone | G65: 19154 | H65: 1064 | I65: 650 | J65: 747 | K65: 42667 | L65: 242332 | M65: Sustainability Awareness Drive | N65: =(G65+H65+I65)/L65 -> 0.086113266 | O65: =Table2[[#This Row],[Shares]]/Table2[[#This Row],[Impressions]] -> 0.0043906707 | P65: =(Table2[[#This Row],[Engagement Rate]]+Table2[[#This Row],[Click through rate]])*100 -> 9.0503937
A66: A65 | B66: YouTube | C66: 45744 | D66: Tweet | E66: #AppleWatchUltra2 | F66: #HealthTech | G66: 6363 | H66: 1341 | I66: 222 | J66: 2712 | K66: 19987 | L66: 160585 | M66: Sustainability Awareness Drive | N66: =(G66+H66+I66)/L66 -> 0.049357038 | O66: =Table2[[#This Row],[Shares]]/Table2[[#This Row],[Impressions]] -> 0.0083507177 | P66: =(Table2[[#This Row],[Engagement Rate]]+Table2[[#This Row],[Click through rate]])*100 -> 5.7707756
A67: A66 | B67: Twitter | C67: 45499 | D67: Tweet | E67: #AppleWatch | F67: #Health | G67: 12176 | H67: 1005 | I67: 862 | J67: 974 | K67: 2285 | L67: 116619 | M67: iPhone 16 Launch | N67: =(G67+H67+I67)/L67 -> 0.12041777 | O67: =Table2[[#This Row],[Shares]]/Table2[[#This Row],[Impressions]] -> 0.0086178067 | P67: =(Table2[[#This Row],[Engagement Rate]]+Table2[[#This Row],[Click through rate]])*100 -> 12.903558
A68: A67 | B68: LinkedIn | C68: 45745 | D68: Video | E68: #AppleWatch | F68: #Health | G68: 19461 | H68: 1382 | I68: 445 | J68: 1307 | K68: 84691 | L68: 151453 | M68: iPhone 16 Launch | N68: =(G68+H68+I68)/L68 -> 0.14055846 | O68: =Table2[[#This Row],[Shares]]/Table2[[#This Row],[Impressions]] -> 0.0091249431 | P68: =(Table2[[#This Row],[Engagement Rate]]+Table2[[#This Row],[Click through rate]])*100 -> 14.96834
A69: A68 | B69: Instagram | C69: 45634 | D69: Video | E69: #MacBookAirM3 | F69: #AppleInnovation | G69: 10427 | H69: 1014 | I69: 166 | J69: 1649 | K69: 15145 | L69: 59816 | M69: Sustainability Awareness Drive | N69: =(G69+H69+I69)/L69 -> 0.19404507 | O69: =Table2[[#This Row],[Shares]]/Table2[[#This Row],[Impressions]] -> 0.016951986 | P69: =(Table2[[#This Row],[Engagement Rate]]+Table2[[#This Row],[Click through rate]])*100 -> 21.099706
A70: A69 | B70: LinkedIn | C70: 45724 | D70: Tweet | E70: #AppleWatch | F70: #Health | G70: 10580 | H70: 427 | I70: 790 | J70: 2814 | K70: 24916 | L70: 213312 | M70: MacBook Air M3 Campaign | N70: =(G70+H70+I70)/L70 -> 0.055303968 | O70: =Table2[[#This Row],[Shares]]/Table2[[#This Row],[Impressions]] -> 0.0020017627 | P70: =(Table2[[#This Row],[Engagement Rate]]+Table2[[#This Row],[Click through rate]])*100 -> 5.7305731
A71: A70 | B71: Twitter | C71: 45749 | D71: Tweet | E71: #iPhone16Launch | F71: #AppleEvent | G71: 6858 | H71: 415 | I71: 366 | J71: 2761 | K71: 2988 | L71: 177348 | M71: Apple Watch Ultra 2 Launch | N71: =(G71+H71+I71)/L71 -> 0.043073505 | O71: =Table2[[#This Row],[Shares]]/Table2[[#This Row],[Impressions]] -> 0.002340032 | P71: =(Table2[[#This Row],[Engagement Rate]]+Table2[[#This Row],[Click through rate]])*100 -> 4.5413537
A72: A71 | B72: Twitter | C72: 45537 | D72: Carousel | E72: #AppleEvent | F72: #iPadPro | G72: 12040 | H72: 1147 | I72: 210 | J72: 885 | K72: 30360 | L72: 119530 | M72: iPhone 16 Launch | N72: =(G72+H72+I72)/L72 -> 0.11208065 | O72: =Table2[[#This Row],[Shares]]/Table2[[#This Row],[Impressions]] -> 0.0095959173 | P72: =(Table2[[#This Row],[Engagement Rate]]+Table2[[#This Row],[Click through rate]])*100 -> 12.167657
A73: A72 | B73: Twitter | C73: 45719 | D73: Carousel | E73: #AppleEvent | F73: #iPhone16 | G73: 24928 | H73: 214 | I73: 765 | J73: 1556 | K73: 5239 | L73: 194571 | M73: MacBook Air M3 Campaign | N73: =(G73+H73+I73)/L73 -> 0.13314934 | O73: =Table2[[#This Row],[Shares]]/Table2[[#This Row],[Impressions]] -> 0.0010998556 | P73: =(Table2[[#This Row],[Engagement Rate]]+Table2[[#This Row],[Click through rate]])*100 -> 13.424919
A74: A73 | B74: Instagram | C74: 45921 | D74: Video | E74: #AppleWatchUltra2 | F74: #HealthTech | G74: 23103 | H74: 1380 | I74: 191 | J74: 1547 | K74: 77798 | L74: 148856 | M74: Apple Event September 2025 | N74: =(G74+H74+I74)/L74 -> 0.16575751 | O74: =Table2[[#This Row],[Shares]]/Table2[[#This Row],[Impressions]] -> 0.0092707046 | P74: =(Table2[[#This Row],[Engagement Rate]]+Table2[[#This Row],[Click through rate]])*100 -> 17.502822
A75: A74 | B75: Twitter | C75: 45593 | D75: Carousel | E75: #AppleEvent | F75: #iPadPro | G75: 21198 | H75: 1484 | I75: 174 | J75: 1293 | K75: 16330 | L75: 111635 | M75: iPhone 16 Launch | N75: =(G75+H75+I75)/L75 -> 0.20473866 | O75: =Table2[[#This Row],[Shares]]/Table2[[#This Row],[Impressions]] -> 0.013293322 | P75: =(Table2[[#This Row],[Engagement Rate]]+Table2[[#This Row],[Click through rate]])*100 -> 21.803198
A76: A75 | B76: Instagram | C76: 45505 | D76: Image | E76: #AppleDesign | F76: #Innovation | G76: 21758 | H76: 1380 | I76: 188 | J76: 1735 | K76: 20998 | L76: 147803 | M76: MacBook Air M3 Campaign | N76: =(G76+H76+I76)/L76 -> 0.15781818 | O76: =Table2[[#This Row],[Shares]]/Table2[[#This Row],[Impressions]] -> 0.0093367523 | P76: =(Table2[[#This Row],[Engagement Rate]]+Table2[[#This Row],[Click through rate]])*100 -> 16.715493
A77: A76 | B77: Twitter | C77: 45603 | D77: Carousel | E77: #ShotOniPhone | G77: 17254 | H77: 246 | I77: 952 | J77: 871 | K77: 14957 | L77: 75946 | M77: MacBook Air M3 Campaign | N77: =(G77+H77+I77)/L77 -> 0.2429621 | O77: =Table2[[#This Row],[Shares]]/Table2[[#This Row],[Impressions]] -> 0.0032391436 | P77: =(Table2[[#This Row],[Engagement Rate]]+Table2[[#This Row],[Click through rate]])*100 -> 24.620125
A78: A77 | B78: LinkedIn | C78: 45720 | D78: Carousel | E78: #iPhone16Launch | F78: #AppleEvent | G78: 13470 | H78: 523 | I78: 280 | J78: 2682 | K78: 8538 | L78: 95204 | M78: Apple Watch Ultra 2 Launch | N78: =(G78+H78+I78)/L78 -> 0.14992017 | O78: =Table2[[#This Row],[Shares]]/Table2[[#This Row],[Impressions]] -> 0.0054934667 | P78: =(Table2[[#This Row],[Engagement Rate]]+Table2[[#This Row],[Click through rate]])*100 -> 15.541364
A79: A78 | B79: LinkedIn | C79: 45460 | D79: Image | E79: #AppleMusic | F79: #AppleLifestyle | G79: 3252 | H79: 1043 | I79: 647 | J79: 1545 | K79: 18859 | L79: 222958 | M79: Apple Watch Ultra 2 Launch | N79: =(G79+H79+I79)/L79 -> 0.02216561 | O79: =Table2[[#This Row],[Shares]]/Table2[[#This Row],[Impressions]] -> 0.0046780111 | P79: =(Table2[[#This Row],[Engagement Rate]]+Table2[[#This Row],[Click through rate]])*100 -> 2.6843621
A80: A79 | B80: YouTube | C80: 45922 | D80: Video | E80: #Sustainability | F80: #AppleEarth | G80: 8996 | H80: 329 | I80: 378 | J80: 2384 | K80: 39404 | L80: 242724 | M80: Apple Event September 2025 | N80: =(G80+H80+I80)/L80 -> 0.039975445 | O80: =Table2[[#This Row],[Shares]]/Table2[[#This Row],[Impressions]] -> 0.001355449 | P80: =(Table2[[#This Row],[Engagement Rate]]+Table2[[#This Row],[Click through rate]])*100 -> 4.1330894
A81: A80 | B81: LinkedIn | C81: 45456 | D81: Image | E81: #AppleWatchUltra2 | F81: #HealthTech | G81: 14173 | H81: 294 | I81: 257 | J81: 1288 | K81: 39466 | L81: 55563 | M81: MacBook Air M3 Campaign | N81: =(G81+H81+I81)/L81 -> 0.26499649 | O81: =Table2[[#This Row],[Shares]]/Table2[[#This Row],[Impressions]] -> 0.005291291 | P81: =(Table2[[#This Row],[Engagement Rate]]+Table2[[#This Row],[Click through rate]])*100 -> 27.028778
A82: A81 | B82: YouTube | C82: 45584 | D82: Carousel | E82: #AppleEvent | F82: #iPadPro | G82: 6673 | H82: 826 | I82: 321 | J82: 577 | K82: 19262 | L82: 132324 | M82: MacBook Air M3 Campaign | N82: =(G82+H82+I82)/L82 -> 0.059097367 | O82: =Table2[[#This Row],[Shares]]/Table2[[#This Row],[Impressions]] -> 0.0062422539 | P82: =(Table2[[#This Row],[Engagement Rate]]+Table2[[#This Row],[Click through rate]])*100 -> 6.5339621
A83: A82 | B83: LinkedIn | C83: 45497 | D83: Video | E83: #AppleMusic | F83: #AppleLifestyle | G83: 22914 | H83: 954 | I83: 584 | J83: 1519 | K83: 13637 | L83: 49847 | M83: Apple Watch Ultra 2 Launch | N83: =(G83+H83+I83)/L83 -> 0.49054106 | O83: =Table2[[#This Row],[Shares]]/Table2[[#This Row],[Impressions]] -> 0.019138564 | P83: =(Table2[[#This Row],[Engagement Rate]]+Table2[[#This Row],[Click through rate]])*100 -> 50.967962
A84: A83 | B84: Instagram | C84: 45580 | D84: Carousel | E84: #ShotOniPhone | G84: 17781 | H84: 993 | I84: 627 | J84: 2187 | K84: 9609 | L84: 66155 | M84: iPhone 16 Launch | N84: =(G84+H84+I84)/L84 -> 0.29326582 | O84: =Table2[[#This Row],[Shares]]/Table2[[#This Row],[Impressions]] -> 0.015010203 | P84: =(Table2[[#This Row],[Engagement Rate]]+Table2[[#This Row],[Click through rate]])*100 -> 30.827602
A85: A84 | B85: LinkedIn | C85: 45635 | D85: Image | E85: #MacBookAirM3 | F85: #AppleInnovation | G85: 15051 | H85: 268 | I85: 251 | J85: 783 | K85: 34154 | L85: 119671 | M85: iPhone 16 Launch | N85: =(G85+H85+I85)/L85 -> 0.13010671 | O85: =Table2[[#This Row],[Shares]]/Table2[[#This Row],[Impressions]] -> 0.0022394732 | P85: =(Table2[[#This Row],[Engagement Rate]]+Table2[[#This Row],[Click through rate]])*100 -> 13.234618
A86: A85 | B86: YouTube | C86: 45766 | D86: Image | E86: #AppleMusic | F86: #AppleLifestyle | G86: 8881 | H86: 210 | I86: 673 | J86: 1565 | K86: 24847 | L86: 156891 | M86: Sustainability Awareness Drive | N86: =(G86+H86+I86)/L86 -> 0.06223429 | O86: =Table2[[#This Row],[Shares]]/Table2[[#This Row],[Impressions]] -> 0.0013385089 | P86: =(Table2[[#This Row],[Engagement Rate]]+Table2[[#This Row],[Click through rate]])*100 -> 6.3572799
A87: A86 | B87: YouTube | C87: 45684 | D87: Carousel | E87: #iPhone16Launch | F87: #AppleEvent | G87: 8949 | H87: 1477 | I87: 424 | J87: 1030 | K87: 58052 | L87: 123310 | M87: Apple Watch Ultra 2 Launch | N87: =(G87+H87+I87)/L87 -> 0.08798962 | O87: =Table2[[#This Row],[Shares]]/Table2[[#This Row],[Impressions]] -> 0.011977942 | P87: =(Table2[[#This Row],[Engagement Rate]]+Table2[[#This Row],[Click through rate]])*100 -> 9.9967561
A88: A87 | B88: Twitter | C88: 45449 | D88: Tweet | E88: #iPhone16Launch | F88: #AppleEvent | G88: 11521 | H88: 1071 | I88: 762 | J88: 2539 | K88: 12701 | L88: 238350 | M88: Sustainability Awareness Drive | N88: =(G88+H88+I88)/L88 -> 0.056026851 | O88: =Table2[[#This Row],[Shares]]/Table2[[#This Row],[Impressions]] -> 0.0044933921 | P88: =(Table2[[#This Row],[Engagement Rate]]+Table2[[#This Row],[Click through rate]])*100 -> 6.0520243
A89: A88 | B89: Instagram | C89: 45480 | D89: Tweet | E89: #MacBookAirM3 | F89: #AppleInnovation | G89: 24625 | H89: 749 | I89: 193 | J89: 1340 | K89: 4890 | L89: 189381 | M89: Apple Watch Ultra 2 Launch | N89: =(G89+H89+I89)/L89 -> 0.13500298 | O89: =Table2[[#This Row],[Shares]]/Table2[[#This Row],[Impressions]] -> 0.0039549902 | P89: =(Table2[[#This Row],[Engagement Rate]]+Table2[[#This Row],[Click through rate]])*100 -> 13.895797
A90: A89 | B90: LinkedIn | C90: 45923 | D90: Image | E90: #Sustainability | F90: #AppleEarth | G90: 10017 | H90: 1357 | I90: 966 | J90: 2871 | K90: 14800 | L90: 171691 | M90: Apple Event September 2025 | N90: =(G90+H90+I90)/L90 -> 0.071873307 | O90: =Table2[[#This Row],[Shares]]/Table2[[#This Row],[Impressions]] -> 0.007903734 | P90: =(Table2[[#This Row],[Engagement Rate]]+Table2[[#This Row],[Click through rate]])*100 -> 7.9777041
A91: A90 | B91: Twitter | C91: 45446 | D91: Image | E91: #AppleEvent | F91: #iPhone16 | G91: 8941 | H91: 911 | I91: 166 | J91: 1217 | K91: 68817 | L91: 221180 | M91: MacBook Air M3 Campaign | N91: =(G91+H91+I91)/L91 -> 0.045293426 | O91: =Table2[[#This Row],[Shares]]/Table2[[#This Row],[Impressions]] -> 0.0041188173 | P91: =(Table2[[#This Row],[Engagement Rate]]+Table2[[#This Row],[Click through rate]])*100 -> 4.9412243
A92: A91 | B92: LinkedIn | C92: 45924 | D92: Tweet | E92: #AppleMusic | F92: #AppleLifestyle | G92: 12209 | H92: 222 | I92: 479 | J92: 2748 | K92: 24615 | L92: 74707 | M92: Apple Event September 2025 | N92: =(G92+H92+I92)/L92 -> 0.17280844 | O92: =Table2[[#This Row],[Shares]]/Table2[[#This Row],[Impressions]] -> 0.0029716091 | P92: =(Table2[[#This Row],[Engagement Rate]]+Table2[[#This Row],[Click through rate]])*100 -> 17.578005
A93: A92 | B93: LinkedIn | C93: 45586 | D93: Tweet | E93: #MacBookAirM3 | F93: #AppleInnovation | G93: 19715 | H93: 1014 | I93: 718 | J93: 1185 | K93: 37625 | L93: 191409 | M93: Apple Watch Ultra 2 Launch | N93: =(G93+H93+I93)/L93 -> 0.11204802 | O93: =Table2[[#This Row],[Shares]]/Table2[[#This Row],[Impressions]] -> 0.0052975565 | P93: =(Table2[[#This Row],[Engagement Rate]]+Table2[[#This Row],[Click through rate]])*100 -> 11.734558
A94: A93 | B94: Twitter | C94: 45637 | D94: Carousel | E94: #iPhone16Launch | F94: #AppleEvent | G94: 22645 | H94: 545 | I94: 972 | J94: 321 | K94: 8396 | L94: 121537 | M94: MacBook Air M3 Campaign | N94: =(G94+H94+I94)/L94 -> 0.19880366 | O94: =Table2[[#This Row],[Shares]]/Table2[[#This Row],[Impressions]] -> 0.0044842311 | P94: =(Table2[[#This Row],[Engagement Rate]]+Table2[[#This Row],[Click through rate]])*100 -> 20.328789
A95: A94 | B95: Twitter | C95: 45603 | D95: Carousel | E95: #iPhone16Launch | F95: #AppleEvent | G95: 11550 | H95: 501 | I95: 646 | J95: 773 | K95: 17841 | L95: 237576 | M95: iPhone 16 Launch | N95: =(G95+H95+I95)/L95 -> 0.053443951 | O95: =Table2[[#This Row],[Shares]]/Table2[[#This Row],[Impressions]] -> 0.0021087989 | P95: =(Table2[[#This Row],[Engagement Rate]]+Table2[[#This Row],[Click through rate]])*100 -> 5.5552749
A96: A95 | B96: Twitter | C96: 45604 | D96: Tweet | E96: #AppleEvent | F96: #iPadPro | G96: 23499 | H96: 562 | I96: 964 | J96: 2557 | K96: 56890 | L96: 218686 | M96: iPhone 16 Launch | N96: =(G96+H96+I96)/L96 -> 0.11443348 | O96: =Table2[[#This Row],[Shares]]/Table2[[#This Row],[Impressions]] -> 0.0025698947 | P96: =(Table2[[#This Row],[Engagement Rate]]+Table2[[#This Row],[Click through rate]])*100 -> 11.700337
... A100: A99 | B100: Twitter | C100: 45475 | D100: Carousel | E100: #AppleMusic | F100: #AppleLifestyle | G100: 12320 | H100: 1157 | I100: 365 | J100: 584 | K100: 66634 | L100: 210102 | M100: iPhone 16 Launch | N100: =(G100+H100+I100)/L100 -> 0.065882286 | O100: =Table2[[#This Row],[Shares]]/Table2[[#This Row],[Impressions]] -> 0.0055068491 | P100: =(Table2[[#This Row],[Engagement Rate]]+Table2[[#This Row],[Click through rate]])*100 -> 7.1389135
A101: A100 | B101: Instagram | C101: 45925 | D101: Image | E101: #ShotOniPhone | G101: 20564 | H101: 1433 | I101: 488 | J101: 1015 | K101: 24333 | L101: 172130 | M101: Apple Event September 2025 | N101: =(G101+H101+I101)/L101 -> 0.13062801 | O101: =Table2[[#This Row],[Shares]]/Table2[[#This Row],[Impressions]] -> 0.0083251031 | P101: =(Table2[[#This Row],[Engagement Rate]]+Table2[[#This Row],[Click through rate]])*100 -> 13.895312
A102: A101 | B102: YouTube | C102: 45583 | D102: Carousel | E102: #MacBookAirM3 | F102: #AppleInnovation | G102: 6892 | H102: 1184 | I102: 925 | J102: 1062 | K102: 75008 | L102: 116260 | M102: MacBook Air M3 Campaign | N102: =(G102+H102+I102)/L102 -> 0.077421297 | O102: =Table2[[#This Row],[Shares]]/Table2[[#This Row],[Impressions]] -> 0.01018407 | P102: =(Table2[[#This Row],[Engagement Rate]]+Table2[[#This Row],[Click through rate]])*100 -> 8.7605367
A103: A102 | B103: Twitter | C103: 45926 | D103: Carousel | E103: #ShotOniPhone | G103: 9043 | H103: 1192 | I103: 810 | J103: 1550 | K103: 5221 | L103: 199476 | M103: Apple Event September 2025 | N103: =(G103+H103+I103)/L103 -> 0.05537007 | O103: =Table2[[#This Row],[Shares]]/Table2[[#This Row],[Impressions]] -> 0.0059756562 | P103: =(Table2[[#This Row],[Engagement Rate]]+Table2[[#This Row],[Click through rate]])*100 -> 6.1345726
A104: A103 | B104: Twitter | C104: 45927 | D104: Tweet | E104: #MacBookAirM3 | F104: #AppleInnovation | G104: 18521 | H104: 1027 | I104: 230 | J104: 1247 | K104: 39588 | L104: 200928 | M104: Apple Event September 2025 | N104: =(G104+H104+I104)/L104 -> 0.09843327 | O104: =Table2[[#This Row],[Shares]]/Table2[[#This Row],[Impressions]] -> 0.0051112836 | P104: =(Table2[[#This Row],[Engagement Rate]]+Table2[[#This Row],[Click through rate]])*100 -> 10.354455
A105: A104 | B105: LinkedIn | C105: 45739 | D105: Image | E105: #AppleDesign | F105: #Innovation | G105: 24711 | H105: 882 | I105: 876 | J105: 2728 | K105: 32015 | L105: 180272 | M105: iPhone 16 Launch | N105: =(G105+H105+I105)/L105 -> 0.14682813 | O105: =Table2[[#This Row],[Shares]]/Table2[[#This Row],[Impressions]] -> 0.0048926067 | P105: =(Table2[[#This Row],[Engagement Rate]]+Table2[[#This Row],[Click through rate]])*100 -> 15.172073
A106: A105 | B106: Twitter | C106: 45457 | D106: Carousel | E106: #iPhone16Launch | F106: #AppleEvent | G106: 21856 | H106: 1203 | I106: 634 | J106: 2807 | K106: 3647 | L106: 104178 | M106: iPhone 16 Launch | N106: =(G106+H106+I106)/L106 -> 0.22742806 | O106: =Table2[[#This Row],[Shares]]/Table2[[#This Row],[Impressions]] -> 0.011547544 | P106: =(Table2[[#This Row],[Engagement Rate]]+Table2[[#This Row],[Click through rate]])*100 -> 23.89756
A107: A106 | B107: Twitter | C107: 45692 | D107: Carousel | E107: #AppleWatch | F107: #Health | G107: 23833 | H107: 555 | I107: 523 | J107: 1330 | K107: 69141 | L107: 73997 | M107: iPhone 16 Launch | N107: =(G107+H107+I107)/L107 -> 0.33664878 | O107: =Table2[[#This Row],[Shares]]/Table2[[#This Row],[Impressions]] -> 0.0075003041 | P107: =(Table2[[#This Row],[Engagement Rate]]+Table2[[#This Row],[Click through rate]])*100 -> 34.414909
A108: A107 | B108: Twitter | C108: 45464 | D108: Video | E108: #AppleEvent | F108: #iPadPro | G108: 21216 | H108: 1207 | I108: 859 | J108: 328 | K108: 91296 | L108: 196683 | M108: Sustainability Awareness Drive | N108: =(G108+H108+I108)/L108 -> 0.11837322 | O108: =Table2[[#This Row],[Shares]]/Table2[[#This Row],[Impressions]] -> 0.0061367785 | P108: =(Table2[[#This Row],[Engagement Rate]]+Table2[[#This Row],[Click through rate]])*100 -> 12.451
A109: A108 | B109: LinkedIn | C109: 45928 | D109: Carousel | E109: #AppleWatch | F109: #Health | G109: 21963 | H109: 1356 | I109: 349 | J109: 1206 | K109: 51755 | L109: 159273 | M109: Apple Event September 2025 | N109: =(G109+H109+I109)/L109 -> 0.1486002 | O109: =Table2[[#This Row],[Shares]]/Table2[[#This Row],[Impressions]] -> 0.0085136841 | P109: =(Table2[[#This Row],[Engagement Rate]]+Table2[[#This Row],[Click through rate]])*100 -> 15.711389
A110: A109 | B110: Twitter | C110: 45512 | D110: Carousel | E110: #AppleWatch | F110: #Health | G110: 24355 | H110: 1087 | I110: 686 | J110: 2426 | K110: 24963 | L110: 212307 | M110: Apple Watch Ultra 2 Launch | N110: =(G110+H110+I110)/L110 -> 0.12306707 | O110: =Table2[[#This Row],[Shares]]/Table2[[#This Row],[Impressions]] -> 0.0051199442 | P110: =(Table2[[#This Row],[Engagement Rate]]+Table2[[#This Row],[Click through rate]])*100 -> 12.818701
A111: A110 | B111: YouTube | C111: 45502 | D111: Video | E111: #AppleWatch | F111: #Health | G111: 6164 | H111: 326 | I111: 615 | J111: 2806 | K111: 38579 | L111: 206129 | M111: MacBook Air M3 Campaign | N111: =(G111+H111+I111)/L111 -> 0.034468706 | O111: =Table2[[#This Row],[Shares]]/Table2[[#This Row],[Impressions]] -> 0.0015815339 | P111: =(Table2[[#This Row],[Engagement Rate]]+Table2[[#This Row],[Click through rate]])*100 -> 3.605024
A112: A111 | B112: LinkedIn | C112: 45619 | D112: Tweet | E112: #ShotOniPhone | G112: 9941 | H112: 1329 | I112: 238 | J112: 869 | K112: 40281 | L112: 172311 | M112: Sustainability Awareness Drive | N112: =(G112+H112+I112)/L112 -> 0.066786218 | O112: =Table2[[#This Row],[Shares]]/Table2[[#This Row],[Impressions]] -> 0.0077127984 | P112: =(Table2[[#This Row],[Engagement Rate]]+Table2[[#This Row],[Click through rate]])*100 -> 7.4499016
A113: A112 | B113: YouTube | C113: 45570 | D113: Carousel | E113: #MacBookAirM3 | F113: #AppleInnovation | G113: 16388 | H113: 1208 | I113: 417 | J113: 2306 | K113: 16865 | L113: 236733 | M113: Apple Watch Ultra 2 Launch | N113: =(G113+H113+I113)/L113 -> 0.076089941 | O113: =Table2[[#This Row],[Shares]]/Table2[[#This Row],[Impressions]] -> 0.0051027951 | P113: =(Table2[[#This Row],[Engagement Rate]]+Table2[[#This Row],[Click through rate]])*100 -> 8.1192736
A114: A113 | B114: LinkedIn | C114: 45929 | D114: Video | E114: #iPhonePhotography | F114: #ShotOniPhone | G114: 7569 | H114: 803 | I114: 804 | J114: 1753 | K114: 43582 | L114: 166945 | M114: Apple Event September 2025 | N114: =(G114+H114+I114)/L114 -> 0.05496421 | O114: =Table2[[#This Row],[Shares]]/Table2[[#This Row],[Impressions]] -> 0.0048099674 | P114: =(Table2[[#This Row],[Engagement Rate]]+Table2[[#This Row],[Click through rate]])*100 -> 5.9774177
A115: A114 | B115: Twitter | C115: 45610 | D115: Image | E115: #AppleDesign | F115: #Innovation | G115: 6300 | H115: 1213 | I115: 720 | J115: 1037 | K115: 39569 | L115: 85272 | M115: iPhone 16 Launch | N115: =(G115+H115+I115)/L115 -> 0.096549864 | O115: =Table2[[#This Row],[Shares]]/Table2[[#This Row],[Impressions]] -> 0.014225068 | P115: =(Table2[[#This Row],[Engagement Rate]]+Table2[[#This Row],[Click through rate]])*100 -> 11.077493
...

Sheet Hashtags
A1: PostID | B1: Platform | C1: Date | D1: ContentType | E1: Likes | F1: Shares | G1: Comments | H1: Clicks | I1: Reach | J1: Impressions | K1: Campaign | L1: Engagement Rate | M1: Hashtags | N1: Click through rate | O1: Performance
A2: A1 | B2: YouTube | C2: 45649 | D2: Image | E2: 24516 | F2: 976 | G2: 974 | H2: 2675 | I2: 23275 | J2: 202932 | K2: Apple Watch Ultra 2 Launch | L2: 0.13041807 | M2: #AppleWatchUltra2 | N2: =Hashtags!$H2/Hashtags!$J2 -> 0.013181755 | O2: =(Hashtags!$L2+Hashtags!$N2)*100 -> 14.359983
A3: A1 | B3: YouTube | C3: 45649 | D3: Image | E3: 24516 | F3: 976 | G3: 974 | H3: 2675 | I3: 23275 | J3: 202932 | K3: Apple Watch Ultra 2 Launch | L3: 0.13041807 | M3: #HealthTech | N3: =Hashtags!$H3/Hashtags!$J3 -> 0.013181755 | O3: =(Hashtags!$L3+Hashtags!$N3)*100 -> 14.359983
A4: A2 | B4: LinkedIn | C4: 45903 | D4: Image | E4: 4779 | F4: 1110 | G4: 436 | H4: 1574 | I4: 77167 | J4: 71585 | K4: Apple Event September 2025 | L4: 0.088356499 | M4: #MacBookAirM3 | N4: =Hashtags!$H4/Hashtags!$J4 -> 0.021987847 | O4: =(Hashtags!$L4+Hashtags!$N4)*100 -> 11.034435
A5: A2 | B5: LinkedIn | C5: 45903 | D5: Image | E5: 4779 | F5: 1110 | G5: 436 | H5: 1574 | I5: 77167 | J5: 71585 | K5: Apple Event September 2025 | L5: 0.088356499 | M5: #AppleInnovation | N5: =Hashtags!$H5/Hashtags!$J5 -> 0.021987847 | O5: =(Hashtags!$L5+Hashtags!$N5)*100 -> 11.034435
A6: A3 | B6: Instagram | C6: 45789 | D6: Tweet | E6: 19308 | F6: 1318 | G6: 795 | H6: 1499 | I6: 52307 | J6: 193087 | K6: Sustainability Awareness Drive | L6: 0.11093963 | M6: #AppleDesign | N6: =Hashtags!$H6/Hashtags!$J6 -> 0.0077633398 | O6: =(Hashtags!$L6+Hashtags!$N6)*100 -> 11.870297
A7: A3 | B7: Instagram | C7: 45789 | D7: Tweet | E7: 19308 | F7: 1318 | G7: 795 | H7: 1499 | I7: 52307 | J7: 193087 | K7: Sustainability Awareness Drive | L7: 0.11093963 | M7: #Innovation | N7: =Hashtags!$H7/Hashtags!$J7 -> 0.0077633398 | O7: =(Hashtags!$L7+Hashtags!$N7)*100 -> 11.870297
A8: A4 | B8: YouTube | C8: 45516 | D8: Video | E8: 3581 | F8: 517 | G8: 880 | H8: 1925 | I8: 18636 | J8: 248611 | K8: iPhone 16 Launch | L8: 0.020023249 | M8: #AppleEvent | N8: =Hashtags!$H8/Hashtags!$J8 -> 0.0077430202 | O8: =(Hashtags!$L8+Hashtags!$N8)*100 -> 2.7766269
A9: A4 | B9: YouTube | C9: 45516 | D9: Video | E9: 3581 | F9: 517 | G9: 880 | H9: 1925 | I9: 18636 | J9: 248611 | K9: iPhone 16 Launch | L9: 0.020023249 | M9: #iPadPro | N9: =Hashtags!$H9/Hashtags!$J9 -> 0.0077430202 | O9: =(Hashtags!$L9+Hashtags!$N9)*100 -> 2.7766269
A10: A5 | B10: YouTube | C10: 45904 | D10: Video | E10: 21708 | F10: 435 | G10: 317 | H10: 1213 | I10: 70701 | J10: 83585 | K10: Apple Event September 2025 | L10: 0.2687085 | M10: #AppleWatchUltra2 | N10: =Hashtags!$H10/Hashtags!$J10 -> 0.014512173 | O10: =(Hashtags!$L10+Hashtags!$N10)*100 -> 28.322067
A11: A5 | B11: YouTube | C11: 45904 | D11: Video | E11: 21708 | F11: 435 | G11: 317 | H11: 1213 | I11: 70701 | J11: 83585 | K11: Apple Event September 2025 | L11: 0.2687085 | M11: #HealthTech | N11: =Hashtags!$H11/Hashtags!$J11 -> 0.014512173 | O11: =(Hashtags!$L11+Hashtags!$N11)*100 -> 28.322067
A12: A6 | B12: LinkedIn | C12: 45905 | D12: Image | E12: 14677 | F12: 533 | G12: 759 | H12: 753 | I12: 23275 | J12: 66958 | K12: Apple Event September 2025 | L12: 0.23849279 | M12: #ShotOniPhone | N12: =Hashtags!$H12/Hashtags!$J12 -> 0.011245856 | O12: =(Hashtags!$L12+Hashtags!$N12)*100 -> 24.973864
A13: A7 | B13: Instagram | C13: 45467 | D13: Carousel | E13: 7713 | F13: 575 | G13: 417 | H13: 336 | I13: 61660 | J13: 66017 | K13: iPhone 16 Launch | L13: 0.13185998 | M13: #AppleMusic | N13: =Hashtags!$H13/Hashtags!$J13 -> 0.0050895981 | O13: =(Hashtags!$L13+Hashtags!$N13)*100 -> 13.694957
... A568: A300 | B568: LinkedIn | C568: 45926 | D568: Video | E568: 21216 | F568: 226 | G568: 187 | H568: 1573 | I568: 62688 | J568: 111031 | K568: Apple Event September 2025 | L568: 0.19480145 | M568: #AppleEvent | N568: =Hashtags!$H568/Hashtags!$J568 -> 0.014167215 | O568: =(Hashtags!$L568+Hashtags!$N568)*100 -> 20.896867

Sheet Campaign Metadata
A1: Campaign_Name | B1: Start_Date | C1: End_Date | D1: Objective | E1: Ad_Spend | F1: Impressions | G1: Engagement_Uplift | H1: Follower Gain
A2: iPhone 16 Launch | B2: 45458 | C2: 45488 | D2: Product Launch | E2: 85000 | F2: 950000 | G2: 0.45 | H2: =SUMIFS( Table8_1[Follower Gain],Table8_1[Week_Start_Date],">="&Table1[[#This Row],[Start_Date]],Table8_1[Week_Start_Date],"<="&Table1[[#This Row],[End_Date]]) -> 106800
A3: MacBook Air M3 Campaign | B3: 45566 | C3: 45596 | D3: Product Promotion | E3: 60000 | F3: 780000 | G3: 0.38 | H3: =SUMIFS( Table8_1[Follower Gain],Table8_1[Week_Start_Date],">="&Table1[[#This Row],[Start_Date]],Table8_1[Week_Start_Date],"<="&Table1[[#This Row],[End_Date]]) -> 99093
A4: Apple Watch Ultra 2 Launch | B4: 45651 | C4: 45667 | D4: Health & Fitness Awareness | E4: 55000 | F4: 700000 | G4: 0.41 | H4: =SUMIFS( Table8_1[Follower Gain],Table8_1[Week_Start_Date],">="&Table1[[#This Row],[Start_Date]],Table8_1[Week_Start_Date],"<="&Table1[[#This Row],[End_Date]]) -> 50927
A5: Sustainability Awareness Drive | B5: 45717 | C5: 45747 | D5: Sustainability Branding | E5: 40000 | F5: 550000 | G5: 0.32 | H5: =SUMIFS( Table8_1[Follower Gain],Table8_1[Week_Start_Date],">="&Table1[[#This Row],[Start_Date]],Table8_1[Week_Start_Date],"<="&Table1[[#This Row],[End_Date]]) -> 107259
A6: Apple Event September 2025 | B6: 45901 | C6: 45930 | D6: Brand Engagement | E6: 75000 | F6: 880000 | G6: 0.47 | H6: =SUMIFS( Table8_1[Follower Gain],Table8_1[Week_Start_Date],">="&Table1[[#This Row],[Start_Date]],Table8_1[Week_Start_Date],"<="&Table1[[#This Row],[End_Date]]) -> 0

Sheet Engagement Summary
A1: Week_Start_Date | B1: Platform | C1: New_Followers | D1: Unfollows | E1: Total_Followers | F1: Engagement_Rate | G1: Ad_Spend | H1: Growth Rate | I1: Follower Gain
A2: 45446 | B2: Instagram | C2: 4138 | D2: 361 | E2: 103777 | F2: 56.637791 | G2: 23944 | H2: 0.036395348 | I2: 3777
A3: 45446 | B3: Twitter | C3: 8693 | D3: 1261 | E3: 111209 | F3: 69.475492 | G3: 29873 | H3: 0.066829124 | I3: 7432
A4: 45446 | B4: YouTube | C4: 9264 | D4: 1141 | E4: 119332 | F4: 92.312205 | G4: 50372 | H4: 0.068070593 | I4: 8123
A5: 45446 | B5: YouTube | C5: 8842 | D5: 971 | E5: 127203 | F5: 16.351816 | G5: 33928 | H5: 0.061877471 | I5: 7871
A6: 45453 | B6: Instagram | C6: 7721 | D6: 506 | E6: 134418 | F6: 35.577824 | G6: 25379 | H6: 0.053675847 | I6: 7215
A7: 45453 | B7: YouTube | C7: 8002 | D7: 524 | E7: 141896 | F7: 52.064893 | G7: 46751 | H7: 0.052700569 | I7: 7478
A8: 45453 | B8: Twitter | C8: 5225 | D8: 291 | E8: 146830 | F8: 19.551863 | G8: 44546 | H8: 0.033603487 | I8: 4934
A9: 45453 | B9: Twitter | C9: 3978 | D9: 543 | E9: 150265 | F9: 49.159818 | G9: 34286 | H9: 0.022859615 | I9: 3435
A10: 45460 | B10: Instagram | C10: 8373 | D10: 921 | E10: 157717 | F10: 12.226329 | G10: 15110 | H10: 0.047249187 | I10: 7452
A11: 45460 | B11: Twitter | C11: 6907 | D11: 834 | E11: 163790 | F11: 54.158984 | G11: 22087 | H11: 0.037077966 | I11: 6073
A12: 45460 | B12: LinkedIn | C12: 7097 | D12: 369 | E12: 170518 | F12: 9.2506363 | G12: 33762 | H12: 0.039456245 | I12: 6728
A13: 45460 | B13: Instagram | C13: 6656 | D13: 978 | E13: 176196 | F13: 60.425889 | G13: 27081 | H13: 0.032225476 | I13: 5678
... A201: 45789 | B201: Twitter | C201: 8527 | D201: 1091 | E201: 1186398 | F201: 1.6760817 | G201: 41703 | H201: 0.0062677112 | I201: 7436

Sheet Engagement Analysis
A1: Top 10 Apple posts with highest engagement rate
A2: PostID | B2: Platform | C2: Date | D2: ContentType | E2: Hashtags.1 | F2: Hashtags.2 | G2: Likes | H2: Shares | I2: Comments | J2: Clicks | K2: Reach | L2: Impressions | M2: Campaign | N2: Engagement Rate
A3: A1 | B3: YouTube | C3: 45649 | D3: Image | E3: #AppleWatchUltra2 | F3: #HealthTech | G3: 24516 | H3: 976 | I3: 974 | J3: 2675 | K3: 23275 | L3: 202932 | M3: Apple Watch Ultra 2 Launch | N3: =(G3+H3+I3)/L3 -> 0.13041807
A4: A2 | B4: LinkedIn | C4: 45903 | D4: Image | E4: #MacBookAirM3 | F4: #AppleInnovation | G4: 4779 | H4: 1110 | I4: 436 | J4: 1574 | K4: 77167 | L4: 71585 | M4: Apple Event September 2025 | N4: =(G4+H4+I4)/L4 -> 0.088356499
A5: A3 | B5: Instagram | C5: 45789 | D5: Tweet | E5: #AppleDesign | F5: #Innovation | G5: 19308 | H5: 1318 | I5: 795 | J5: 1499 | K5: 52307 | L5: 193087 | M5: Sustainability Awareness Drive | N5: =(G5+H5+I5)/L5 -> 0.11093963
A6: A4 | B6: YouTube | C6: 45516 | D6: Video | E6: #AppleEvent | F6: #iPadPro | G6: 3581 | H6: 517 | I6: 880 | J6: 1925 | K6: 18636 | L6: 248611 | M6: iPhone 16 Launch | N6: =(G6+H6+I6)/L6 -> 0.020023249
A7: A5 | B7: YouTube | C7: 45904 | D7: Video | E7: #AppleWatchUltra2 | F7: #HealthTech | G7: 21708 | H7: 435 | I7: 317 | J7: 1213 | K7: 70701 | L7: 83585 | M7: Apple Event September 2025 | N7: =(G7+H7+I7)/L7 -> 0.2687085
A8: A6 | B8: LinkedIn | C8: 45905 | D8: Image | E8: #ShotOniPhone | G8: 14677 | H8: 533 | I8: 759 | J8: 753 | K8: 23275 | L8: 66958 | M8: Apple Event September 2025 | N8: =(G8+H8+I8)/L8 -> 0.23849279
A9: A7 | B9: Instagram | C9: 45467 | D9: Carousel | E9: #AppleMusic | F9: #AppleLifestyle | G9: 7713 | H9: 575 | I9: 417 | J9: 336 | K9: 61660 | L9: 66017 | M9: iPhone 16 Launch | N9: =(G9+H9+I9)/L9 -> 0.13185998
A10: A8 | B10: Instagram | C10: 45486 | D10: Video | E10: #AppleWatch | F10: #Health | G10: 18639 | H10: 1360 | I10: 898 | J10: 2011 | K10: 42841 | L10: 247779 | M10: iPhone 16 Launch | N10: =(G10+H10+I10)/L10 -> 0.084337252
A11: A9 | B11: YouTube | C11: 45534 | D11: Carousel | E11: #MacBookAirM3 | F11: #AppleInnovation | G11: 6804 | H11: 787 | I11: 970 | J11: 1095 | K11: 56343 | L11: 164677 | M11: Apple Watch Ultra 2 Launch | N11: =(G11+H11+I11)/L11 -> 0.051986616
A12: A10 | B12: Twitter | C12: 45727 | D12: Video | E12: #iPhone16Launch | F12: #AppleEvent | G12: 20222 | H12: 712 | I12: 604 | J12: 1272 | K12: 71598 | L12: 216422 | M12: Sustainability Awareness Drive | N12: =(G12+H12+I12)/L12 -> 0.099518533
A13: A11 | B13: YouTube | C13: 45690 | D13: Carousel | E13: #AppleEvent | F13: #iPadPro | G13: 12136 | H13: 1117 | I13: 834 | J13: 892 | K13: 24675 | L13: 183273 | M13: Sustainability Awareness Drive | N13: =(G13+H13+I13)/L13 -> 0.076863477
A14: A12 | B14: YouTube | C14: 45494 | D14: Tweet | E14: #MacBookAirM3 | F14: #AppleInnovation | G14: 2009 | H14: 1072 | I14: 550 | J14: 1437 | K14: 22982 | L14: 69426 | M14: iPhone 16 Launch | N14: =(G14+H14+I14)/L14 -> 0.052300291
A15: A82 | B15: LinkedIn | C15: 45497 | D15: Video | E15: #AppleMusic | F15: #AppleLifestyle | G15: 22914 | H15: 954 | I15: 584 | J15: 1519 | K15: 13637 | L15: 49847 | M15: Apple Watch Ultra 2 Launch | N15: =(G15+H15+I15)/L15 -> 0.49054106
A16: A14 | B16: YouTube | C16: 45906 | D16: Tweet | E16: #AppleWatch | F16: #Health | G16: 7124 | H16: 469 | I16: 851 | J16: 2571 | K16: 33802 | L16: 216313 | M16: Apple Event September 2025 | N16: =(G16+H16+I16)/L16 -> 0.039036026
A17: A15 | B17: LinkedIn | C17: 45907 | D17: Tweet | E17: #AppleDesign | F17: #Innovation | G17: 3015 | H17: 997 | I17: 783 | J17: 617 | K17: 77167 | L17: 82229 | M17: Apple Event September 2025 | N17: =(G17+H17+I17)/L17 -> 0.058312761
A18: A16 | B18: Instagram | C18: 45530 | D18: Carousel | E18: #AppleWatch | F18: #Health | G18: 4193 | H18: 924 | I18: 707 | J18: 2696 | K18: 55075 | L18: 126652 | M18: iPhone 16 Launch | N18: =(G18+H18+I18)/L18 -> 0.045984272
A19: A17 | B19: LinkedIn | C19: 45782 | D19: Tweet | E19: #AppleEvent | F19: #iPhone16 | G19: 10415 | H19: 1388 | I19: 725 | J19: 2462 | K19: 53082 | L19: 168267 | M19: MacBook Air M3 Campaign | N19: =(G19+H19+I19)/L19 -> 0.074453101
A20: A18 | B20: LinkedIn | C20: 45523 | D20: Image | E20: #AppleWatch | F20: #Health | G20: 15550 | H20: 204 | I20: 279 | J20: 1646 | K20: 35819 | L20: 219436 | M20: Apple Watch Ultra 2 Launch | N20: =(G20+H20+I20)/L20 -> 0.073064584
... A29: A27 | B29: Twitter | C29: 45552 | D29: Tweet | E29: #iPhone16Launch | F29: #AppleEvent | G29: 20017 | H29: 495 | I29: 178 | J29: 2683 | K29: 32244 | L29: 182633 | M29: Apple Watch Ultra 2 Launch | N29: =(G29+H29+I29)/L29 -> 0.1132873
A30: A28 | B30: Twitter | C30: 45720 | D30: Tweet | E30: #ShotOniPhone | G30: 12344 | H30: 815 | I30: 298 | J30: 2439 | K30: 6259 | L30: 237133 | M30: iPhone 16 Launch | N30: =(G30+H30+I30)/L30 -> 0.056748744
A31: A29 | B31: LinkedIn | C31: 45910 | D31: Carousel | E31: #MacBookProM3 | G31: 9266 | H31: 999 | I31: 928 | J31: 2700 | K31: 12264 | L31: 128397 | M31: Apple Event September 2025 | N31: =(G31+H31+I31)/L31 -> 0.087174934
A32: A30 | B32: LinkedIn | C32: 45713 | D32: Carousel | E32: #iPhonePhotography | F32: #ShotOniPhone | G32: 10702 | H32: 621 | I32: 445 | J32: 2918 | K32: 54808 | L32: 220225 | M32: Apple Watch Ultra 2 Launch | N32: =(G32+H32+I32)/L32 -> 0.053436258
A33: A31 | B33: Instagram | C33: 45642 | D33: Image | E33: #AppleEvent | F33: #iPadPro | G33: 2384 | H33: 1246 | I33: 160 | J33: 2004 | K33: 2701 | L33: 73142 | M33: Apple Watch Ultra 2 Launch | N33: =(G33+H33+I33)/L33 -> 0.051817013
A34: A32 | B34: Instagram | C34: 45504 | D34: Image | E34: #AppleEvent | F34: #iPhone16 | G34: 2404 | H34: 774 | I34: 661 | J34: 662 | K34: 12676 | L34: 66916 | M34: Apple Watch Ultra 2 Launch | N34: =(G34+H34+I34)/L34 -> 0.057370435
A35: A33 | B35: LinkedIn | C35: 45911 | D35: Carousel | E35: #iPhone16Launch | F35: #AppleEvent | G35: 10175 | H35: 342 | I35: 825 | J35: 2904 | K35: 15954 | L35: 104324 | M35: Apple Event September 2025 | N35: =(G35+H35+I35)/L35 -> 0.10871899
A36: A34 | B36: Twitter | C36: 45912 | D36: Tweet | E36: #AppleDesign | F36: #Innovation | G36: 17158 | H36: 1192 | I36: 262 | J36: 2016 | K36: 28771 | L36: 216037 | M36: Apple Event September 2025 | N36: =(G36+H36+I36)/L36 -> 0.086151909
A37: A35 | B37: Twitter | C37: 45626 | D37: Video | E37: #AppleEvent | F37: #iPhone16 | G37: 14763 | H37: 864 | I37: 336 | J37: 1493 | K37: 33310 | L37: 165932 | M37: iPhone 16 Launch | N37: =(G37+H37+I37)/L37 -> 0.096202059
A38: A36 | B38: Instagram | C38: 45766 | D38: Carousel | E38: #MacBookProM3 | G38: 20384 | H38: 344 | I38: 956 | J38: 655 | K38: 67621 | L38: 175720 | M38: Sustainability Awareness Drive | N38: =(G38+H38+I38)/L38 -> 0.12340087
A39: A37 | B39: LinkedIn | C39: 45663 | D39: Image | E39: #AppleDesign | F39: #Innovation | G39: 11860 | H39: 1448 | I39: 893 | J39: 490 | K39: 23518 | L39: 206205 | M39: Apple Watch Ultra 2 Launch | N39: =(G39+H39+I39)/L39 -> 0.068868359
A40: A38 | B40: Instagram | C40: 45705 | D40: Tweet | E40: #MacBookAirM3 | F40: #AppleInnovation | G40: 7989 | H40: 1206 | I40: 376 | J40: 2769 | K40: 27550 | L40: 221749 | M40: Sustainability Awareness Drive | N40: =(G40+H40+I40)/L40 -> 0.043161412
A41: A39 | B41: Instagram | C41: 45913 | D41: Carousel | E41: #AppleMusic | F41: #AppleLifestyle | G41: 17106 | H41: 702 | I41: 459 | J41: 999 | K41: 59627 | L41: 136059 | M41: Apple Event September 2025 | N41: =(G41+H41+I41)/L41 -> 0.13425793
A42: A40 | B42: YouTube | C42: 45914 | D42: Carousel | E42: #AppleWatch | F42: #Health | G42: 19844 | H42: 1020 | I42: 247 | J42: 2354 | K42: 37792 | L42: 138317 | M42: Apple Event September 2025 | N42: =(G42+H42+I42)/L42 -> 0.15262766
A43: A41 | B43: YouTube | C43: 45915 | D43: Tweet | E43: #MacBookAirM3 | F43: #AppleInnovation | G43: 5636 | H43: 303 | I43: 204 | J43: 2480 | K43: 7377 | L43: 241207 | M43: Apple Event September 2025 | N43: =(G43+H43+I43)/L43 -> 0.025467752
A44: A42 | B44: YouTube | C44: 45721 | D44: Carousel | E44: #AppleEvent | F44: #iPhone16 | G44: 12916 | H44: 1262 | I44: 772 | J44: 856 | K44: 11496 | L44: 75046 | M44: Sustainability Awareness Drive | N44: =(G44+H44+I44)/L44 -> 0.19921115
A45: A43 | B45: Twitter | C45: 45916 | D45: Tweet | E45: #MacBookProM3 | G45: 6809 | H45: 397 | I45: 813 | J45: 1125 | K45: 12206 | L45: 218136 | M45: Apple Event September 2025 | N45: =(G45+H45+I45)/L45 -> 0.03676147
A46: A44 | B46: LinkedIn | C46: 45718 | D46: Video | E46: #iPhonePhotography | F46: #ShotOniPhone | G46: 22562 | H46: 778 | I46: 907 | J46: 1354 | K46: 34475 | L46: 141459 | M46: iPhone 16 Launch | N46: =(G46+H46+I46)/L46 -> 0.17140656
A47: A45 | B47: LinkedIn | C47: 45917 | D47: Tweet | E47: #AppleMusic | F47: #AppleLifestyle | G47: 15456 | H47: 590 | I47: 555 | J47: 2882 | K47: 49816 | L47: 240422 | M47: Apple Event September 2025 | N47: =(G47+H47+I47)/L47 -> 0.069049421
A48: A46 | B48: LinkedIn | C48: 45779 | D48: Tweet | E48: #AppleEvent | F48: #iPhone16 | G48: 17444 | H48: 1402 | I48: 218 | J48: 725 | K48: 8710 | L48: 85893 | M48: MacBook Air M3 Campaign | N48: =(G48+H48+I48)/L48 -> 0.22195057
A49: A47 | B49: LinkedIn | C49: 45712 | D49: Tweet | E49: #iPhone16Launch | F49: #AppleEvent | G49: 24984 | H49: 753 | I49: 461 | J49: 2710 | K49: 20792 | L49: 141520 | M49: Sustainability Awareness Drive | N49: =(G49+H49+I49)/L49 -> 0.18511871
A50: A48 | B50: YouTube | C50: 45727 | D50: Carousel | E50: #AppleWatchUltra2 | F50: #HealthTech | G50: 7997 | H50: 1238 | I50: 438 | J50: 1874 | K50: 36272 | L50: 165818 | M50: MacBook Air M3 Campaign | N50: =(G50+H50+I50)/L50 -> 0.058335042
A51: A49 | B51: Twitter | C51: 45918 | D51: Carousel | E51: #AppleEvent | F51: #iPhone16 | G51: 4048 | H51: 677 | I51: 911 | J51: 2429 | K51: 27361 | L51: 101272 | M51: Apple Event September 2025 | N51: =(G51+H51+I51)/L51 -> 0.055652105
A52: A50 | B52: Twitter | C52: 45476 | D52: Tweet | E52: #AppleMusic | F52: #AppleLifestyle | G52: 14338 | H52: 1454 | I52: 697 | J52: 2703 | K52: 21288 | L52: 107649 | M52: iPhone 16 Launch | N52: =(G52+H52+I52)/L52 -> 0.15317374
A53: A51 | B53: YouTube | C53: 45456 | D53: Carousel | E53: #AppleWatch | F53: #Health | G53: 23164 | H53: 1122 | I53: 900 | J53: 888 | K53: 36938 | L53: 104674 | M53: Apple Watch Ultra 2 Launch | N53: =(G53+H53+I53)/L53 -> 0.24061371
A54: A52 | B54: Twitter | C54: 45919 | D54: Image | E54: #AppleWatch | F54: #Health | G54: 19100 | H54: 619 | I54: 297 | J54: 2312 | K54: 9730 | L54: 184832 | M54: Apple Event September 2025 | N54: =(G54+H54+I54)/L54 -> 0.10829294
A55: A53 | B55: YouTube | C55: 45712 | D55: Image | E55: #AppleEvent | F55: #iPhone16 | G55: 23949 | H55: 356 | I55: 616 | J55: 1847 | K55: 3144 | L55: 192999 | M55: iPhone 16 Launch | N55: =(G55+H55+I55)/L55 -> 0.12912502
A56: A54 | B56: LinkedIn | C56: 45729 | D56: Carousel | E56: #AppleDesign | F56: #Innovation | G56: 6544 | H56: 749 | I56: 888 | J56: 594 | K56: 18171 | L56: 126475 | M56: Sustainability Awareness Drive | N56: =(G56+H56+I56)/L56 -> 0.06468472
A57: A55 | B57: YouTube | C57: 45460 | D57: Carousel | E57: #AppleWatchUltra2 | F57: #HealthTech | G57: 6976 | H57: 1320 | I57: 393 | J57: 2285 | K57: 14049 | L57: 101367 | M57: MacBook Air M3 Campaign | N57: =(G57+H57+I57)/L57 -> 0.085718232
... A62: A60 | B62: Instagram | C62: 45685 | D62: Tweet | E62: #AppleWatch | F62: #Health | G62: 9239 | H62: 1477 | I62: 631 | J62: 1556 | K62: 11580 | L62: 84738 | M62: Sustainability Awareness Drive | N62: =(G62+H62+I62)/L62 -> 0.13390687
A63: A61 | B63: YouTube | C63: 45540 | D63: Carousel | E63: #MacBookProM3 | G63: 16489 | H63: 395 | I63: 350 | J63: 2364 | K63: 43239 | L63: 73397 | M63: MacBook Air M3 Campaign | N63: =(G63+H63+I63)/L63 -> 0.23480524
A64: A62 | B64: YouTube | C64: 45920 | D64: Image | E64: #AppleEvent | F64: #iPhone16 | G64: 18633 | H64: 797 | I64: 303 | J64: 659 | K64: 7 | L64: 122189 | M64: Apple Event September 2025 | N64: =(G64+H64+I64)/L64 -> 0.16149572
A65: A63 | B65: Instagram | C65: 45504 | D65: Image | E65: #AppleWatchUltra2 | F65: #HealthTech | G65: 12357 | H65: 716 | I65: 599 | J65: 999 | K65: 89591 | L65: 116367 | M65: Apple Watch Ultra 2 Launch | N65: =(G65+H65+I65)/L65 -> 0.11749035
A66: A64 | B66: Instagram | C66: 45521 | D66: Video | E66: #ShotOniPhone | G66: 19154 | H66: 1064 | I66: 650 | J66: 747 | K66: 42667 | L66: 242332 | M66: Sustainability Awareness Drive | N66: =(G66+H66+I66)/L66 -> 0.086113266
A67: A65 | B67: YouTube | C67: 45744 | D67: Tweet | E67: #AppleWatchUltra2 | F67: #HealthTech | G67: 6363 | H67: 1341 | I67: 222 | J67: 2712 | K67: 19987 | L67: 160585 | M67: Sustainability Awareness Drive | N67: =(G67+H67+I67)/L67 -> 0.049357038
A68: A66 | B68: Twitter | C68: 45499 | D68: Tweet | E68: #AppleWatch | F68: #Health | G68: 12176 | H68: 1005 | I68: 862 | J68: 974 | K68: 2285 | L68: 116619 | M68: iPhone 16 Launch | N68: =(G68+H68+I68)/L68 -> 0.12041777
A69: A67 | B69: LinkedIn | C69: 45745 | D69: Video | E69: #AppleWatch | F69: #Health | G69: 19461 | H69: 1382 | I69: 445 | J69: 1307 | K69: 84691 | L69: 151453 | M69: iPhone 16 Launch | N69: =(G69+H69+I69)/L69 -> 0.14055846
A70: A68 | B70: Instagram | C70: 45634 | D70: Video | E70: #MacBookAirM3 | F70: #AppleInnovation | G70: 10427 | H70: 1014 | I70: 166 | J70: 1649 | K70: 15145 | L70: 59816 | M70: Sustainability Awareness Drive | N70: =(G70+H70+I70)/L70 -> 0.19404507
A71: A69 | B71: LinkedIn | C71: 45724 | D71: Tweet | E71: #AppleWatch | F71: #Health | G71: 10580 | H71: 427 | I71: 790 | J71: 2814 | K71: 24916 | L71: 213312 | M71: MacBook Air M3 Campaign | N71: =(G71+H71+I71)/L71 -> 0.055303968
A72: A70 | B72: Twitter | C72: 45749 | D72: Tweet | E72: #iPhone16Launch | F72: #AppleEvent | G72: 6858 | H72: 415 | I72: 366 | J72: 2761 | K72: 2988 | L72: 177348 | M72: Apple Watch Ultra 2 Launch | N72: =(G72+H72+I72)/L72 -> 0.043073505
A73: A71 | B73: Twitter | C73: 45537 | D73: Carousel | E73: #AppleEvent | F73: #iPadPro | G73: 12040 | H73: 1147 | I73: 210 | J73: 885 | K73: 30360 | L73: 119530 | M73: iPhone 16 Launch | N73: =(G73+H73+I73)/L73 -> 0.11208065
A74: A72 | B74: Twitter | C74: 45719 | D74: Carousel | E74: #AppleEvent | F74: #iPhone16 | G74: 24928 | H74: 214 | I74: 765 | J74: 1556 | K74: 5239 | L74: 194571 | M74: MacBook Air M3 Campaign | N74: =(G74+H74+I74)/L74 -> 0.13314934
A75: A73 | B75: Instagram | C75: 45921 | D75: Video | E75: #AppleWatchUltra2 | F75: #HealthTech | G75: 23103 | H75: 1380 | I75: 191 | J75: 1547 | K75: 77798 | L75: 148856 | M75: Apple Event September 2025 | N75: =(G75+H75+I75)/L75 -> 0.16575751
A76: A74 | B76: Twitter | C76: 45593 | D76: Carousel | E76: #AppleEvent | F76: #iPadPro | G76: 21198 | H76: 1484 | I76: 174 | J76: 1293 | K76: 16330 | L76: 111635 | M76: iPhone 16 Launch | N76: =(G76+H76+I76)/L76 -> 0.20473866
A77: A75 | B77: Instagram | C77: 45505 | D77: Image | E77: #AppleDesign | F77: #Innovation | G77: 21758 | H77: 1380 | I77: 188 | J77: 1735 | K77: 20998 | L77: 147803 | M77: MacBook Air M3 Campaign | N77: =(G77+H77+I77)/L77 -> 0.15781818
A78: A76 | B78: Twitter | C78: 45603 | D78: Carousel | E78: #ShotOniPhone | G78: 17254 | H78: 246 | I78: 952 | J78: 871 | K78: 14957 | L78: 75946 | M78: MacBook Air M3 Campaign | N78: =(G78+H78+I78)/L78 -> 0.2429621
A79: A77 | B79: LinkedIn | C79: 45720 | D79: Carousel | E79: #iPhone16Launch | F79: #AppleEvent | G79: 13470 | H79: 523 | I79: 280 | J79: 2682 | K79: 8538 | L79: 95204 | M79: Apple Watch Ultra 2 Launch | N79: =(G79+H79+I79)/L79 -> 0.14992017
A80: A78 | B80: LinkedIn | C80: 45460 | D80: Image | E80: #AppleMusic | F80: #AppleLifestyle | G80: 3252 | H80: 1043 | I80: 647 | J80: 1545 | K80: 18859 | L80: 222958 | M80: Apple Watch Ultra 2 Launch | N80: =(G80+H80+I80)/L80 -> 0.02216561
A81: A79 | B81: YouTube | C81: 45922 | D81: Video | E81: #Sustainability | F81: #AppleEarth | G81: 8996 | H81: 329 | I81: 378 | J81: 2384 | K81: 39404 | L81: 242724 | M81: Apple Event September 2025 | N81: =(G81+H81+I81)/L81 -> 0.039975445
A82: A80 | B82: LinkedIn | C82: 45456 | D82: Image | E82: #AppleWatchUltra2 | F82: #HealthTech | G82: 14173 | H82: 294 | I82: 257 | J82: 1288 | K82: 39466 | L82: 55563 | M82: MacBook Air M3 Campaign | N82: =(G82+H82+I82)/L82 -> 0.26499649
A83: A81 | B83: YouTube | C83: 45584 | D83: Carousel | E83: #AppleEvent | F83: #iPadPro | G83: 6673 | H83: 826 | I83: 321 | J83: 577 | K83: 19262 | L83: 132324 | M83: MacBook Air M3 Campaign | N83: =(G83+H83+I83)/L83 -> 0.059097367
A84: A201 | B84: YouTube | C84: 45672 | D84: Tweet | E84: #ShotOniPhone | G84: 20360 | H84: 254 | I84: 726 | J84: 1995 | K84: 14280 | L84: 43726 | M84: iPhone 16 Launch | N84: =(G84+H84+I84)/L84 -> 0.48803915
A85: A83 | B85: Instagram | C85: 45580 | D85: Carousel | E85: #ShotOniPhone | G85: 17781 | H85: 993 | I85: 627 | J85: 2187 | K85: 9609 | L85: 66155 | M85: iPhone 16 Launch | N85: =(G85+H85+I85)/L85 -> 0.29326582
A86: A84 | B86: LinkedIn | C86: 45635 | D86: Image | E86: #MacBookAirM3 | F86: #AppleInnovation | G86: 15051 | H86: 268 | I86: 251 | J86: 783 | K86: 34154 | L86: 119671 | M86: iPhone 16 Launch | N86: =(G86+H86+I86)/L86 -> 0.13010671
A87: A85 | B87: YouTube | C87: 45766 | D87: Image | E87: #AppleMusic | F87: #AppleLifestyle | G87: 8881 | H87: 210 | I87: 673 | J87: 1565 | K87: 24847 | L87: 156891 | M87: Sustainability Awareness Drive | N87: =(G87+H87+I87)/L87 -> 0.06223429
A88: A86 | B88: YouTube | C88: 45684 | D88: Carousel | E88: #iPhone16Launch | F88: #AppleEvent | G88: 8949 | H88: 1477 | I88: 424 | J88: 1030 | K88: 58052 | L88: 123310 | M88: Apple Watch Ultra 2 Launch | N88: =(G88+H88+I88)/L88 -> 0.08798962
A89: A87 | B89: Twitter | C89: 45449 | D89: Tweet | E89: #iPhone16Launch | F89: #AppleEvent | G89: 11521 | H89: 1071 | I89: 762 | J89: 2539 | K89: 12701 | L89: 238350 | M89: Sustainability Awareness Drive | N89: =(G89+H89+I89)/L89 -> 0.056026851
A90: A88 | B90: Instagram | C90: 45480 | D90: Tweet | E90: #MacBookAirM3 | F90: #AppleInnovation | G90: 24625 | H90: 749 | I90: 193 | J90: 1340 | K90: 4890 | L90: 189381 | M90: Apple Watch Ultra 2 Launch | N90: =(G90+H90+I90)/L90 -> 0.13500298
A91: A89 | B91: LinkedIn | C91: 45923 | D91: Image | E91: #Sustainability | F91: #AppleEarth | G91: 10017 | H91: 1357 | I91: 966 | J91: 2871 | K91: 14800 | L91: 171691 | M91: Apple Event September 2025 | N91: =(G91+H91+I91)/L91 -> 0.071873307
A92: A90 | B92: Twitter | C92: 45446 | D92: Image | E92: #AppleEvent | F92: #iPhone16 | G92: 8941 | H92: 911 | I92: 166 | J92: 1217 | K92: 68817 | L92: 221180 | M92: MacBook Air M3 Campaign | N92: =(G92+H92+I92)/L92 -> 0.045293426
A93: A91 | B93: LinkedIn | C93: 45924 | D93: Tweet | E93: #AppleMusic | F93: #AppleLifestyle | G93: 12209 | H93: 222 | I93: 479 | J93: 2748 | K93: 24615 | L93: 74707 | M93: Apple Event September 2025 | N93: =(G93+H93+I93)/L93 -> 0.17280844
A94: A92 | B94: LinkedIn | C94: 45586 | D94: Tweet | E94: #MacBookAirM3 | F94: #AppleInnovation | G94: 19715 | H94: 1014 | I94: 718 | J94: 1185 | K94: 37625 | L94: 191409 | M94: Apple Watch Ultra 2 Launch | N94: =(G94+H94+I94)/L94 -> 0.11204802
A95: A93 | B95: Twitter | C95: 45637 | D95: Carousel | E95: #iPhone16Launch | F95: #AppleEvent | G95: 22645 | H95: 545 | I95: 972 | J95: 321 | K95: 8396 | L95: 121537 | M95: MacBook Air M3 Campaign | N95: =(G95+H95+I95)/L95 -> 0.19880366
A96: A94 | B96: Twitter | C96: 45603 | D96: Carousel | E96: #iPhone16Launch | F96: #AppleEvent | G96: 11550 | H96: 501 | I96: 646 | J96: 773 | K96: 17841 | L96: 237576 | M96: iPhone 16 Launch | N96: =(G96+H96+I96)/L96 -> 0.053443951
A97: A95 | B97: Twitter | C97: 45604 | D97: Tweet | E97: #AppleEvent | F97: #iPadPro | G97: 23499 | H97: 562 | I97: 964 | J97: 2557 | K97: 56890 | L97: 218686 | M97: iPhone 16 Launch | N97: =(G97+H97+I97)/L97 -> 0.11443348
... A101: A99 | B101: Twitter | C101: 45475 | D101: Carousel | E101: #AppleMusic | F101: #AppleLifestyle | G101: 12320 | H101: 1157 | I101: 365 | J101: 584 | K101: 66634 | L101: 210102 | M101: iPhone 16 Launch | N101: =(G101+H101+I101)/L101 -> 0.065882286
A102: A100 | B102: Instagram | C102: 45925 | D102: Image | E102: #ShotOniPhone | G102: 20564 | H102: 1433 | I102: 488 | J102: 1015 | K102: 24333 | L102: 172130 | M102: Apple Event September 2025 | N102: =(G102+H102+I102)/L102 -> 0.13062801
A103: A101 | B103: YouTube | C103: 45583 | D103: Carousel | E103: #MacBookAirM3 | F103: #AppleInnovation | G103: 6892 | H103: 1184 | I103: 925 | J103: 1062 | K103: 75008 | L103: 116260 | M103: MacBook Air M3 Campaign | N103: =(G103+H103+I103)/L103 -> 0.077421297
A104: A102 | B104: Twitter | C104: 45926 | D104: Carousel | E104: #ShotOniPhone | G104: 9043 | H104: 1192 | I104: 810 | J104: 1550 | K104: 5221 | L104: 199476 | M104: Apple Event September 2025 | N104: =(G104+H104+I104)/L104 -> 0.05537007
A105: A103 | B105: Twitter | C105: 45927 | D105: Tweet | E105: #MacBookAirM3 | F105: #AppleInnovation | G105: 18521 | H105: 1027 | I105: 230 | J105: 1247 | K105: 39588 | L105: 200928 | M105: Apple Event September 2025 | N105: =(G105+H105+I105)/L105 -> 0.09843327
A106: A104 | B106: LinkedIn | C106: 45739 | D106: Image | E106: #AppleDesign | F106: #Innovation | G106: 24711 | H106: 882 | I106: 876 | J106: 2728 | K106: 32015 | L106: 180272 | M106: iPhone 16 Launch | N106: =(G106+H106+I106)/L106 -> 0.14682813
A107: A105 | B107: Twitter | C107: 45457 | D107: Carousel | E107: #iPhone16Launch | F107: #AppleEvent | G107: 21856 | H107: 1203 | I107: 634 | J107: 2807 | K107: 3647 | L107: 104178 | M107: iPhone 16 Launch | N107: =(G107+H107+I107)/L107 -> 0.22742806
A108: A106 | B108: Twitter | C108: 45692 | D108: Carousel | E108: #AppleWatch | F108: #Health | G108: 23833 | H108: 555 | I108: 523 | J108: 1330 | K108: 69141 | L108: 73997 | M108: iPhone 16 Launch | N108: =(G108+H108+I108)/L108 -> 0.33664878
A109: A107 | B109: Twitter | C109: 45464 | D109: Video | E109: #AppleEvent | F109: #iPadPro | G109: 21216 | H109: 1207 | I109: 859 | J109: 328 | K109: 91296 | L109: 196683 | M109: Sustainability Awareness Drive | N109: =(G109+H109+I109)/L109 -> 0.11837322
A110: A108 | B110: LinkedIn | C110: 45928 | D110: Carousel | E110: #AppleWatch | F110: #Health | G110: 21963 | H110: 1356 | I110: 349 | J110: 1206 | K110: 51755 | L110: 159273 | M110: Apple Event September 2025 | N110: =(G110+H110+I110)/L110 -> 0.1486002
A111: A109 | B111: Twitter | C111: 45512 | D111: Carousel | E111: #AppleWatch | F111: #Health | G111: 24355 | H111: 1087 | I111: 686 | J111: 2426 | K111: 24963 | L111: 212307 | M111: Apple Watch Ultra 2 Launch | N111: =(G111+H111+I111)/L111 -> 0.12306707
A112: A110 | B112: YouTube | C112: 45502 | D112: Video | E112: #AppleWatch | F112: #Health | G112: 6164 | H112: 326 | I112: 615 | J112: 2806 | K112: 38579 | L112: 206129 | M112: MacBook Air M3 Campaign | N112: =(G112+H112+I112)/L112 -> 0.034468706
A113: A111 | B113: LinkedIn | C113: 45619 | D113: Tweet | E113: #ShotOniPhone | G113: 9941 | H113: 1329 | I113: 238 | J113: 869 | K113: 40281 | L113: 172311 | M113: Sustainability Awareness Drive | N113: =(G113+H113+I113)/L113 -> 0.066786218
A114: A112 | B114: YouTube | C114: 45570 | D114: Carousel | E114: #MacBookAirM3 | F114: #AppleInnovation | G114: 16388 | H114: 1208 | I114: 417 | J114: 2306 | K114: 16865 | L114: 236733 | M114: Apple Watch Ultra 2 Launch | N114: =(G114+H114+I114)/L114 -> 0.076089941
A115: A113 | B115: LinkedIn | C115: 45929 | D115: Video | E115: #iPhonePhotography | F115: #ShotOniPhone | G115: 7569 | H115: 803 | I115: 804 | J115: 1753 | K115: 43582 | L115: 166945 | M115: Apple Event September 2025 | N115: =(G115+H115+I115)/L115 -> 0.05496421
...

Sheet Platform Analysis
A1: Platform with highest engagement
A2: Row Labels | B2: Sum of Engagement
A3: LinkedIn | B3: 1255026
A4: Twitter | B4: 1136557
A5: YouTube | B5: 1058347
A6: Instagram | B6: 1051187
A8: Follower growth rates across platforms
A9: Row Labels | B9: Sum of Growth rate
A10: Instagram | B10: 0.29298233
A11: Twitter | B11: 0.16021218
A12: LinkedIn | B12: 0.14051571
A13: YouTube | B13: 0.044748618
A14: Grand Total | B14: 0.63845883 | D14: LinkedIn Has Highest Engagement among all Platforms | I14: Instagram has achieved 46% Follower Growth ,the Highest Among all platforms
A18: Visualize Engagement vs. Ad Spend per platform.
A20: Row Labels | B20: Sum of Engagement | D20: Custom table to compare
A21: YouTube | B21: 1058347 | D21: Platform | E21: Engagement | F21: Ad Spend
A22: Twitter | B22: 1136557 | D22: YouTube | E22: 1058347 | F22: 128749
A23: LinkedIn | B23: 1255026 | D23: Twitter | E23: 1136557 | F23: 349633
A24: Instagram | B24: 1051187 | D24: LinkedIn | E24: 1255026 | F24: 607249
D25: Instagram | E25: 1051187 | F25: 596089
A27: Row Labels | B27: Sum of Ad_Spend
A28: YouTube | B28: 128749
A29: Twitter | B29: 349633
A30: LinkedIn | B30: 607249
A31: Instagram | B31: 596089
A33: Key findings and recommendation

Sheet Content Strategy
A2: =PROPER("the most frequently used Apple hashtags") -> The Most Frequently Used Apple Hashtags | D2: Average performance of posts | G2: Content performance
A3: Row Labels | B3: Count of Hashtags | D3: Row Labels | E3: Average of Performance | G3: Row Labels | H3: Sum of performance
A4: #AppleEvent | B4: 80 | D4: #AppleWatchUltra2 | E4: 15.935958 | G4: Carousel
A5: #ShotOniPhone | B5: 41 | D5: #HealthTech | E5: 15.935958 | G5: Health & Fitness Awareness | H5: 305.00199
A6: #AppleWatch | B6: 37 | D6: #ShotOniPhone | E6: 14.819258 | G6: Product Launch | H6: 296.57134
A7: #Health | B7: 37 | D7: #AppleLifestyle | E7: 14.78072 | G7: Brand Engagement | H7: 262.31891
A8: #AppleMusic | B8: 34 | D8: #AppleMusic | E8: 14.78072 | G8: Product Promotion | H8: 242.42386
A9: #AppleLifestyle | B9: 34 | D9: #iPhone16 | E9: 13.774529 | G9: Sustainability Branding | H9: 143.33744
A10: #iPhone16 | B10: 32 | D10: #Sustainability | E10: 13.561432 | G10: Video
A11: #iPhone16Launch | B11: 29 | D11: #AppleEarth | E11: 13.561432 | G11: Health & Fitness Awareness | H11: 330.07118
A12: #MacBookAirM3 | B12: 28 | D12: #iPhonePhotography | E12: 13.377277 | G12: Sustainability Branding | H12: 303.99015
A13: #AppleInnovation | B13: 28 | D13: #MacBookAirM3 | E13: 13.328924 | G13: Brand Engagement | H13: 203.12694
A14: #Innovation | B14: 25 | D14: #AppleInnovation | E14: 13.328924 | G14: Product Launch | H14: 157.20892
A15: #iPhonePhotography | B15: 25 | D15: #AppleEvent | E15: 13.054496 | G15: Product Promotion | H15: 92.691714
A16: #AppleDesign | B16: 25 | D16: #iPhone16Launch | E16: 12.725525 | G16: Tweet
A17: #AppleWatchUltra2 | B17: 25 | D17: #AppleWatch | E17: 12.70351 | G17: Brand Engagement | H17: 226.30826
A18: #HealthTech | B18: 25 | D18: #Health | E18: 12.70351 | G18: Product Launch | H18: 193.71835
A19: #iPadPro | B19: 19 | D19: #AppleDesign | E19: 12.379917 | G19: Health & Fitness Awareness | H19: 177.86828
A20: #MacBookProM3 | B20: 17 | D20: #Innovation | E20: 12.379917 | G20: Sustainability Branding | H20: 149.4757
A21: #Sustainability | B21: 13 | D21: #iPadPro | E21: 12.343924 | G21: Product Promotion | H21: 131.03349
A22: #AppleEarth | B22: 13 | D22: #MacBookProM3 | E22: 11.890804 | G22: Image
G23: Health & Fitness Awareness | H23: 238.03198
G24: Brand Engagement | H24: 225.38957
G25: Product Launch | H25: 150.10063
G26: Product Promotion | H26: 140.72786
G27: Sustainability Branding | H27: 114.67608
A29: Content type performance | D29: Recommendation according to content type
A30: Row Labels | B30: Sum of performance
A31: Instagram | B31: 973.46736
A32: Carousel | B32: 307.15927
A33: Video | B33: 258.70251
A34: Image | B34: 207.5503
A35: Tweet | B35: 200.05528
A36: LinkedIn | B36: 1115.8003
A37: Image | B37: 323.23959
A38: Video | B38: 306.88187
A39: Carousel | B39: 245.01618
A40: Tweet | B40: 240.66269
A41: Twitter | B41: 1030.5142
A42: Carousel | B42: 402.94083
... A51: Grand Total | B51: 4084.0726

Sheet Campaign Effectiveness
A2: Total & Average Impressions, Likes, Clicks per Campaign.
A3: Row Labels | B3: Sum of Impressions | C3: Average of Impressions | D3: Sum of Likes | E3: Average of Likes | F3: Sum of Clicks | G3: Average of Clicks
A4: Apple Event September 2025 | B4: 10331022 | C4: 149724.96 | D4: 957050 | E4: 13870.29 | F4: 114854 | G4: 1664.5507
A5: Apple Watch Ultra 2 Launch | B5: 9407749 | C5: 136344.19 | D5: 888529 | E5: 12877.232 | F5: 106775 | G5: 1547.4638
A6: iPhone 16 Launch | B6: 8901334 | C6: 150870.07 | D6: 843431 | E6: 14295.441 | F6: 96543 | G6: 1636.322
A7: MacBook Air M3 Campaign | B7: 6698763 | C7: 145625.28 | D7: 585970 | E7: 12738.478 | F7: 74667 | G7: 1623.1957
A8: Sustainability Awareness Drive | B8: 9222999 | C8: 161807 | D8: 792463 | E8: 13902.86 | F8: 89166 | G8: 1564.3158
A9: Grand Total | B9: 44561867 | C9: 148539.56 | D9: 4067443 | E9: 13558.143 | F9: 482005 | G9: 1606.6833
A12: Engagement Uplift
A13: Campaign_Name | B13: Start_Date | C13: End_Date | D13: Campaign Duration | E13: Before Date | F13: Engagement During | G13: Engagement Before | H13: Daily Engagement During | I13: Daily Engagement Before | J13: Engagement Uplift
A14: iPhone 16 Launch | B14: 45458 | C14: 45488 | D14: =(C14-B14)+1 -> 31 | E14: =B14-D14 -> 45427 | F14: =SUMIFS(Likes,Date,">="&'Campaign Effectiveness'!B14,Date,"<="&'Campaign Effectiveness'!C14)+SUMIFS(Comments,Date,">="&'Campaign Effectiveness'!B14,Date,"<="&'Campaign Effectiveness'!C14)+SUMIFS(Shares,Date,">="&'Campaign Effectiveness'!B14,Date,"<="&'Campaign Effectiveness'!C14) -> 331108 | G14: =SUMIFS(Likes,Date,">="&'Campaign Effectiveness'!E14,Date,"<="&'Campaign Effectiveness'!B14)+SUMIFS(Comments,Date,">="&'Campaign Effectiveness'!E14,Date,"<="&'Campaign Effectiveness'!B14)+SUMIFS(Shares,Date,">="&'Campaign Effectiveness'!E14,Date,"<="&'Campaign Effectiveness'!B14) -> 236231 | H14: =F14/D14 -> 10680.903 | I14: =G14/D14 -> 7620.3548 | J14: =(H14-I14)/H14 -> 0.28654397
A15: MacBook Air M3 Campaign | B15: 45566 | C15: 45596 | D15: =(C15-B15)+1 -> 31 | E15: =B15-D15 -> 45535 | F15: =SUMIFS(Likes,Date,">="&'Campaign Effectiveness'!B15,Date,"<="&'Campaign Effectiveness'!C15)+SUMIFS(Comments,Date,">="&'Campaign Effectiveness'!B15,Date,"<="&'Campaign Effectiveness'!C15)+SUMIFS(Shares,Date,">="&'Campaign Effectiveness'!B15,Date,"<="&'Campaign Effectiveness'!C15) -> 409967 | G15: =SUMIFS(Likes,Date,">="&'Campaign Effectiveness'!E15,Date,"<="&'Campaign Effectiveness'!B15)+SUMIFS(Comments,Date,">="&'Campaign Effectiveness'!E15,Date,"<="&'Campaign Effectiveness'!B15)+SUMIFS(Shares,Date,">="&'Campaign Effectiveness'!E15,Date,"<="&'Campaign Effectiveness'!B15) -> 127344 | H15: =F15/D15 -> 13224.742 | I15: =G15/D15 -> 4107.871 | J15: =(H15-I15)/H15 -> 0.68937988
A16: Apple Watch Ultra 2 Launch | B16: 45651 | C16: 45667 | D16: =(C16-B16)+1 -> 17 | E16: =B16-D16 -> 45634 | F16: =SUMIFS(Likes,Date,">="&'Campaign Effectiveness'!B16,Date,"<="&'Campaign Effectiveness'!C16)+SUMIFS(Comments,Date,">="&'Campaign Effectiveness'!B16,Date,"<="&'Campaign Effectiveness'!C16)+SUMIFS(Shares,Date,">="&'Campaign Effectiveness'!B16,Date,"<="&'Campaign Effectiveness'!C16) -> 88599 | G16: =SUMIFS(Likes,Date,">="&'Campaign Effectiveness'!E16,Date,"<="&'Campaign Effectiveness'!B16)+SUMIFS(Comments,Date,">="&'Campaign Effectiveness'!E16,Date,"<="&'Campaign Effectiveness'!B16)+SUMIFS(Shares,Date,">="&'Campaign Effectiveness'!E16,Date,"<="&'Campaign Effectiveness'!B16) -> 197099 | H16: =F16/D16 -> 5211.7059 | I16: =G16/D16 -> 11594.059 | J16: =(H16-I16)/H16 -> -1.2246188
A17: Sustainability Awareness Drive | B17: 45717 | C17: 45747 | D17: =(C17-B17)+1 -> 31 | E17: =B17-D17 -> 45686 | F17: =SUMIFS(Likes,Date,">="&'Campaign Effectiveness'!B17,Date,"<="&'Campaign Effectiveness'!C17)+SUMIFS(Comments,Date,">="&'Campaign Effectiveness'!B17,Date,"<="&'Campaign Effectiveness'!C17)+SUMIFS(Shares,Date,">="&'Campaign Effectiveness'!B17,Date,"<="&'Campaign Effectiveness'!C17) -> 370695 | G17: =SUMIFS(Likes,Date,">="&'Campaign Effectiveness'!E17,Date,"<="&'Campaign Effectiveness'!B17)+SUMIFS(Comments,Date,">="&'Campaign Effectiveness'!E17,Date,"<="&'Campaign Effectiveness'!B17)+SUMIFS(Shares,Date,">="&'Campaign Effectiveness'!E17,Date,"<="&'Campaign Effectiveness'!B17) -> 274312 | H17: =F17/D17 -> 11957.903 | I17: =G17/D17 -> 8848.7742 | J17: =(H17-I17)/H17 -> 0.2600062
A18: Apple Event September 2025 | B18: 45901 | C18: 45930 | D18: =(C18-B18)+1 -> 30 | E18: =B18-D18 -> 45871 | F18: =SUMIFS(Likes,Date,">="&'Campaign Effectiveness'!B18,Date,"<="&'Campaign Effectiveness'!C18)+SUMIFS(Comments,Date,">="&'Campaign Effectiveness'!B18,Date,"<="&'Campaign Effectiveness'!C18)+SUMIFS(Shares,Date,">="&'Campaign Effectiveness'!B18,Date,"<="&'Campaign Effectiveness'!C18) -> 826669 | G18: =SUMIFS(Likes,Date,">="&'Campaign Effectiveness'!E18,Date,"<="&'Campaign Effectiveness'!B18)+SUMIFS(Comments,Date,">="&'Campaign Effectiveness'!E18,Date,"<="&'Campaign Effectiveness'!B18)+SUMIFS(Shares,Date,">="&'Campaign Effectiveness'!E18,Date,"<="&'Campaign Effectiveness'!B18) -> 0 | H18: =F18/D18 -> 27555.633 | I18: =G18/D18 -> 0 | J18: =(H18-I18)/H18 -> 1
A22: Pivot Table to Calculate Engagement per Campaign
A23: Row Labels | B23: Engagement(Campaign)
A24: Apple Event September 2025 | B24: 1051098
A25: Apple Watch Ultra 2 Launch | B25: 991433
A26: iPhone 16 Launch | B26: 926462
A27: MacBook Air M3 Campaign | B27: 652233
A28: Sustainability Awareness Drive | B28: 879891
A30: Campaign with Highest ROI
A31: Campaign_Name | B31: Ad_Spend | C31: Engagement | D31: ROI
A32: Apple Watch Ultra 2 Launch | B32: 55000 | C32: 926462 | D32: =C32/B32 -> 16.844764
A33: MacBook Air M3 Campaign | B33: 60000 | C33: 991433 | D33: =C33/B33 -> 16.523883
A34: Sustainability Awareness Drive | B34: 40000 | C34: 652233 | D34: =C34/B34 -> 16.305825
A35: iPhone 16 Launch | B35: 85000 | C35: 1051098 | D35: =C35/B35 -> 12.365859
A36: Apple Event September 2025 | B36: 75000 | C36: 879891 | D36: =C36/B36 -> 11.73188
A39: Campaign with Highest Follower Gain
A40: Campaign_Name | B40: Follower Gain
A41: Sustainability Awareness Drive | B41: 107259
A42: iPhone 16 Launch | B42: 106800
A43: MacBook Air M3 Campaign | B43: 99093
A44: Apple Watch Ultra 2 Launch | B44: 50927
A45: Apple Event September 2025 | B45: 0

Sheet Follower Retention
A1: Weekly follower growth per platform
A2: Sum of Follower Gain
B3: Instagram | C3: LinkedIn | D3: Twitter | E3: YouTube
A4: 2024 | B4: 184130 | C4: 154042 | D4: 176448 | E4: 157994
A5: 03-Jun | B5: 3777 | C5: 0 | D5: 7432 | E5: 15994
A6: 10-Jun | B6: 7215 | C6: 0 | D6: 8369 | E6: 7478
A7: 17-Jun | B7: 13130 | C7: 6728 | D7: 6073 | E7: 0
A8: 24-Jun | B8: 4885 | C8: 0 | D8: 15084 | E8: 8653
A9: 01-Jul | B9: 5928 | C9: 5442 | D9: 8463 | E9: 0
A10: 08-Jul | B10: 0 | C10: 11378 | D10: 7151 | E10: 0
A11: 15-Jul | B11: 4967 | C11: 0 | D11: 7092 | E11: 1826
A12: 22-Jul | B12: 0 | C12: 15403 | D12: 7733 | E12: 9082
A13: 29-Jul | B13: 0 | C13: 7537 | D13: 6039 | E13: 3445
A14: 05-Aug | B14: 3213 | C14: 4847 | D14: 3497 | E14: 2543
A15: 12-Aug | B15: 6853 | C15: 0 | D15: 12800 | E15: 7033
... A55: 12-May | B55: 2805 | C55: 8146 | D55: 7436 | E55: 0

Sheet Correlation
A1: Ad_Spend | B1: Follower Gain
A2: 23944 | B2: 3777
A3: 29873 | B3: 7432
A4: 50372 | B4: 8123
A5: 33928 | B5: 7871
A6: 25379 | B6: 7215
A7: 46751 | B7: 7478
A8: 44546 | B8: 4934
A9: 34286 | B9: 3435
A10: 15110 | B10: 7452
A11: 22087 | B11: 6073
A12: 33762 | B12: 6728
A13: 27081 | B13: 5678
... A201: 41703 | B201: 7436

Sheet Video links
A1: https://drive.google.com/file/d/10Dxd6bVoLQNcY_ndxcAPbrI0I7FdMB1G/view?usp=sharing
